Name,Gender,Birth Year,Nationality,Mission Count,Mission Role,Mission Year,Mission Name,Mission Duration
"Gagarin, Yuri",male,1934,U.S.S.R/Russia,1,pilot,1961,Vostok 1,1.77
"Titov, Gherman",male,1935,U.S.S.R/Russia,1,pilot,1961,Vostok 2,25.0
"Glenn, John H., Jr.",male,1921,U.S.,2,pilot,1962,MA-6,5.0
"Glenn, John H., Jr.",male,1921,U.S.,2,PSP,1998,STS-95,213.0
"Carpenter, M. Scott",male,1925,U.S.,1,Pilot,1962,Mercury-Atlas 7,5.0
"Nikolayev, Andriyan",male,1929,U.S.S.R/Russia,2,pilot,1962,Vostok 3,94.0
"Nikolayev, Andriyan",male,1929,U.S.S.R/Russia,2,pilot,1970,Soyuz 9,424.0
"Popovich, Pavel",male,1930,U.S.S.R/Russia,2,pilot,1962,Vostok 4,70.93
"Popovich, Pavel",male,1930,U.S.S.R/Russia,2,commander,1974,Soyuz 14,377.0
"Schirra, Walter M., Jr.",male,1923,U.S.,3,pilot,1962,Mercury-Atlas 8,9.22
"Schirra, Walter M., Jr.",male,1923,U.S.,3,commander,1965,Gemini 6A,25.87
"Schirra, Walter M., Jr.",male,1923,U.S.,3,commander,1968,Apollo 7,260.13
"Cooper, L. Gordon, Jr.",male,1927,U.S.,2,pilot,1963,Mercury-Atlas 9,34.32
"Cooper, L. Gordon, Jr.",male,1927,U.S.,2,commander,1965,Gemini 5,191.92
"Bykovsky, Valery",male,1934,U.S.S.R/Russia,3,pilot,1963,Vostok 5,119.13
"Bykovsky, Valery",male,1934,U.S.S.R/Russia,3,commander,1976,Soyuz 22,189.0
"Bykovsky, Valery",male,1934,U.S.S.R/Russia,3,commander,1978,Soyuz 31/29,188.0
"Tereshkova, Valentina",female,1937,U.S.S.R/Russia,1,pilot,1963,Vostok 6,70.83
"Komarov, Vladimir",male,1927,U.S.S.R/Russia,2,commander,1964,Voskhod 1,24.28
"Komarov, Vladimir",male,1927,U.S.S.R/Russia,2,commander,1967,Soyuz 1,26.78
"Feoktistov, Konstantin",male,1926,U.S.S.R/Russia,1,MSP,1964,Voskhod 1,24.28
"Yegorov, Boris",male,1937,U.S.S.R/Russia,1,MSP,1964,Voskhod 1,24.28
"Belyayev, Pavel",male,1925,U.S.S.R/Russia,1,commander,1965,Voskhod 2,26.03
"Leonov, Aleksei",male,1934,U.S.S.R/Russia,2,pilot,1965,Voskhod 2,26.03
"Leonov, Aleksei",male,1934,U.S.S.R/Russia,2,commander,1975,Soyuz 19,142.0
"Grissom, Virgil I.",male,1926,U.S.,1,commander,1965,Gemini 3,4.86
"Young, John W.",male,1930,U.S.,6,pilot,1965,Gemini 3,4.86
"Young, John W.",male,1930,U.S.,6,pilot,1966,Gemini 10,70.77
"Young, John W.",male,1930,U.S.,6,pilot,1969,Apollo 10,192.05
"Young, John W.",male,1930,U.S.,6,commander,1972,Apollo 16,265.85
"Young, John W.",male,1930,U.S.,6,commander,1981,STS-1,54.5
"Young, John W.",male,1930,U.S.,6,commander,1983,STS-9,240.0
"McDivitt, James A.",male,1929,U.S.,2,commander,1965,Gemini 4,97.0
"McDivitt, James A.",male,1929,U.S.,2,commander,1969,Apollo 9,241.0
"White, Edward H., II",male,1930,U.S.,1,pilot,1965,Gemini 4,97.93
"Conrad, Charles, Jr.",male,1930,U.S.,4,pilot,1965,Gemini 5,191.0
"Conrad, Charles, Jr.",male,1930,U.S.,4,commander,1966,Gemini 11,71.0
"Conrad, Charles, Jr.",male,1930,U.S.,4,commander,1969,Apollo 12,244.0
"Conrad, Charles, Jr.",male,1930,U.S.,4,commander,1973,Skylab 2,673.0
"Borman, Frank",male,1928,U.S.,2,commander,1965,Gemini 7,330.58
"Borman, Frank",male,1928,U.S.,2,commander,1968,Apollo 8,147.0
"Lovell, James A., Jr.",male,1928,U.S.,4,pilot,1965,Gemini 7,330.58
"Lovell, James A., Jr.",male,1928,U.S.,4,commander,1966,Gemini 12,94.0
"Lovell, James A., Jr.",male,1928,U.S.,4,pilot,1968,Apollo 8,147.0
"Lovell, James A., Jr.",male,1928,U.S.,4,commander,1970,Apollo 13,142.0
"Stafford, Thomas P.",male,1930,U.S.,4,pilot,1965,gemini 6A,25.86
"Stafford, Thomas P.",male,1930,U.S.,4,commander,1966,Gemini 9A,72.0
"Stafford, Thomas P.",male,1930,U.S.,4,commander,1969,Apollo 10,192.0
"Stafford, Thomas P.",male,1930,U.S.,4,commander,1975,ASTP,217.0
"Armstrong, Neil A.",male,1930,U.S.,2,commander,1966,Gemini 8,11.0
"Armstrong, Neil A.",male,1930,U.S.,2,commander,1969,Apollo 11,195.0
"Scott, David R.",male,1932,U.S.,3,pilot,1966,Gemini 8,240.68
"Scott, David R.",male,1932,U.S.,3,pilot,1969,Apollo 9,241.0
"Scott, David R.",male,1932,U.S.,3,commander,1971,Apollo 15,312.0
"Cernan, Eugene A.",male,1934,U.S.,3,pilot,1966,Gemini 9A,72.0
"Cernan, Eugene A.",male,1934,U.S.,3,pilot,1969,Apollo 10,192.05
"Cernan, Eugene A.",male,1934,U.S.,3,commander,1972,Apollo 17,302.0
"Collins, Michael",male,1930,U.S.,2,pilot,1966,Gemini 10,71.0
"Collins, Michael",male,1930,U.S.,2,pilot,1969,Apollo 11,195.0
"Gordon, Richard F., Jr.",male,1929,U.S.,2,pilot,1966,Gemini 11,71.28
"Gordon, Richard F., Jr.",male,1929,U.S.,2,pilot,1969,Apollo 12,244.6
"Aldrin, Edwin Eugene, Jr.",male,1930,U.S.,2,pilot,1966,Gemini 12,94.58
"Aldrin, Edwin Eugene, Jr.",male,1930,U.S.,2,pilot,1969,Apollo 11,195.0
"Eisele, Donn F.",male,1930,U.S.,1,pilot,1968,Apollo 7,260.13
"Cunningham, Ronnie Walter",male,1932,U.S.,1,pilot,1968,Apollo 7,260.13
"Savinykh, Viktor",male,1940,U.S.S.R/Russia,3,flight engineer,1985,Salyut 7,4035.0
"Savinykh, Viktor",male,1940,U.S.S.R/Russia,3,flight engineer,1988,2,236.0
Jugderdemidiin Gurragchaa,male,1947,Mongolia,1,flight engineer,1981,Soyuz 39,188.7
"Crippen, Robert L.",male,1937,U.S.,4,pilot,1981,STS-1,54.0
"Crippen, Robert L.",male,1937,U.S.,4,commander,1983,STS-7,146.0
"Crippen, Robert L.",male,1937,U.S.,4,commander,1984,STS-41-C,168.0
"Crippen, Robert L.",male,1937,U.S.,4,commander,1984,STS-41-G,197.0
Dumitru Prunariu,male,1952,Romania,1,MSP,1981,Soyuz 40,188.7
"Engle, Joe H.",male,1932,U.S.,2,commander,1981,STS-2,30.0
"Engle, Joe H.",male,1932,U.S.,2,commander,1985,STS-51-I,170.0
"Truly, Richard H.",male,1937,U.S.,2,pilot,1981,STS-2,54.21
"Truly, Richard H.",male,1937,U.S.,2,commander,1983,STS-8,145.13
"Fullerton, Charles G.",male,1936,U.S.,2,pilot,1982,STS-3,192.0
"Fullerton, Charles G.",male,1936,U.S.,2,commander,1985,STS-51-F,190.0
"Berezovoy, Anatoly",male,1942,U.S.S.R/Russia,1,commander,1982,Salyut 7,5073.0
"Chrtien, Jean-Loup",male,1938,France,3,MSP,1982,Salyut 7,190.0
"Chrtien, Jean-Loup",male,1938,France,3,MSP,1988,Mir Aragatz,594.0
"Chrtien, Jean-Loup",male,1938,France,3,MSP,1997,STS-86,259.3
"Hartsfield, Henry W., Jr.",male,1933,U.S.,3,pilot,1982,STS-4,169.0
"Hartsfield, Henry W., Jr.",male,1933,U.S.,3,commander,1984,STS-41-D,144.0
"Hartsfield, Henry W., Jr.",male,1933,U.S.,3,commander,1985,STS-61-A,168.0
"Serebrov, Aleksandr",male,1944,U.S.S.R/Russia,4,flight engineer,1982,Salyut 7,189.0
"Beregovoi, Georgi",male,1921,U.S.S.R/Russia,1,commander,1968,Soyuz 3,94.83
"Anders, William Alison",male,1933,U.S.,1,pilot,1968,Apollo 8,147.0
"Shatalov, Vladimir",male,1927,U.S.S.R/Russia,3,commander,1969,Soyuz 4,71.33
"Shatalov, Vladimir",male,1927,U.S.S.R/Russia,3,commander,1969,Soyuz 8,118.0
"Shatalov, Vladimir",male,1927,U.S.S.R/Russia,3,commander,1971,Soyuz 10,47.0
"Volynov, Boris",male,1934,U.S.S.R/Russia,2,commander,1969,Soyuz 5,72.0
"Volynov, Boris",male,1934,U.S.S.R/Russia,2,commander,1976,Soyuz 21,1182.0
"Yeliseyev, Aleksei",male,1934,U.S.S.R/Russia,3,flight engineer,1969,Soyuz 5/4,47.0
"Yeliseyev, Aleksei",male,1934,U.S.S.R/Russia,3,flight engineer,1969,Soyuz 8,118.0
"Yeliseyev, Aleksei",male,1934,U.S.S.R/Russia,3,flight engineer,1971,Soyuz 10,47.0
"Khrunov, Yevgeny",male,1933,U.S.S.R/Russia,1,MSP,1969,Soyuz 5/4,48.17
"Schweickart, Russell L.",male,1935,U.S.,1,pilot,1969,apollo 9,241.0
"Shonin, Georgi",male,1935,U.S.S.R/Russia,1,commander,1969,Soyuz 6,118.0
"Kubasov, Valeri",male,1935,U.S.S.R/Russia,3,flight engineer,1969,Soyuz 6,118.0
"Kubasov, Valeri",male,1935,U.S.S.R/Russia,3,flight engineer,1975,Soyuz 19,142.0
"Kubasov, Valeri",male,1935,U.S.S.R/Russia,3,commander,1980,Soyuz 36/35,188.0
"Filipchenko, Anatoly",male,1928,U.S.S.R/Russia,2,commander,1969,Soyuz 7,118.0
"Filipchenko, Anatoly",male,1928,U.S.S.R/Russia,2,commander,1974,Soyuz 16,142.0
"Volkov, Vladislav",male,1935,U.S.S.R/Russia,2,flight engineer,1969,Soyuz 7,118.0
"Volkov, Vladislav",male,1935,U.S.S.R/Russia,2,flight engineer,1971,Soyuz 11,570.0
"Gorbatko, Viktor",male,1934,U.S.S.R/Russia,3,MSP,1969,Soyuz 7,118.0
"Gorbatko, Viktor",male,1934,U.S.S.R/Russia,3,commander,1977,Soyuz 24,425.0
"Gorbatko, Viktor",male,1934,U.S.S.R/Russia,3,commander,1980,Soyuz 37/36,188.0
"Bean, Alan Lavern",male,1932,U.S.,2,pilot,1969,Apollo 12,244.81
"Bean, Alan Lavern",male,1932,U.S.,2,commander,1973,Skylab 3,1427.23
"Swigert, John L., Jr.",male,1931,U.S.,1,pilot,1970,Apollo 13,142.0
"Haise, Fred W., Jr.",male,1933,U.S.,1,pilot,1970,Apollo 13,142.0
"Sevastyanov, Vitali",male,1935,U.S.S.R/Russia,2,flight engineer,1970,Soyuz 9,424.0
"Sevastyanov, Vitali",male,1935,U.S.S.R/Russia,2,flight engineer,1975,Soyuz 18,1511.0
"Shepard, Alan B., Jr.",male,1923,U.S.,2,commander,1971,Apollo 14,216.0
"Roosa, Stuart A.",male,1933,U.S.,1,pilot,1971,Apollo 14,216.0
"Mitchell, Edgar D.",male,1930,U.S.,1,pilot,1971,Apollo 14,216.0
"Rukavishnikov, Nikolai",male,1932,U.S.S.R/Russia,3,flight engineer,1971,Soyuz 10,47.0
"Rukavishnikov, Nikolai",male,1932,U.S.S.R/Russia,3,flight engineer,1974,Soyuz 16,142.0
"Rukavishnikov, Nikolai",male,1932,U.S.S.R/Russia,3,commander,1979,Soyuz 33,47.0
"Dobrovolski, Georgi",male,1928,U.S.S.R/Russia,1,commander,1971,Soyuz 11,570.0
"Patsayev, Viktor",male,1933,U.S.S.R/Russia,1,flight engineer,1971,Soyuz 11,570.0
"Worden, Alfred M.",male,1932,U.S.,1,pilot,1971,Apollo 15,295.2
"Irwin, James B.",male,1930,U.S.,1,pilot,1971,Apollo 15,295.0
"Mattingly, Thomas K., II",male,1936,U.S.,3,pilot,1972,Apollo 16,266.0
"Mattingly, Thomas K., II",male,1936,U.S.,3,commander,1982,STS-4,169.0
"Mattingly, Thomas K., II",male,1936,U.S.,3,commander,1985,STS-151-C,73.0
"Duke, Jr. Charles Moss",male,1935,U.S.,1,pilot,1972,Apollo 16,265.0
"Evans, Ronald E.",male,1933,U.S.,1,pilot,1972,Apollo 17,301.0
"Schmitt, Harrison H.",male,1935,U.S.,1,pilot,1972,Apollo 17,301.0
"Weitz, Paul J.",male,1932,U.S.,2,pilot,1973,Skylab-2,267.0
"Weitz, Paul J.",male,1932,U.S.,2,commander,1983,STS-6,120.0
"Kerwin, Joseph P.",male,1932,U.S.,1,MSP,1973,Skylab 2,672.0
"Lousma, Jack R.",male,1936,U.S.,2,pilot,1973,Skylab 3,1427.0
"Lousma, Jack R.",male,1936,U.S.,2,commander,1982,STS-3,192.0
"Garriott, Owen K.",male,1930,U.S.,2,MSP,1973,Skylab 3,1427.0
"Garriott, Owen K.",male,1930,U.S.,2,MSP,1983,STS-9,247.0
"Lazarev, Vasili",male,1928,U.S.S.R/Russia,1,commander,1973,Soyuz 12,47.0
"Makarov, Oleg",male,1933,U.S.S.R/Russia,3,flight engineer,1973,Soyuz 12,47.0
"Makarov, Oleg",male,1933,U.S.S.R/Russia,3,flight engineer,1978,Soyuz 27/26,142.0
"Makarov, Oleg",male,1933,U.S.S.R/Russia,3,flight engineer,1980,Soyuz T3,307.0
"Carr, Gerald P.",male,1932,U.S.,1,commander,1974,Skylab 4,2017.0
"Pogue, William R.",male,1930,U.S.,1,pilot,1973,Skylab 4,2017.0
"Gibson, Edward G.",male,1936,U.S.,1,MSP,1973,Skylab 4,2017.0
"Klimuk, Pyotr",male,1942,U.S.S.R/Russia,3,commander,1973,Soyuz 13,188.0
"Klimuk, Pyotr",male,1942,U.S.S.R/Russia,3,commander,1975,Saluyt 4,1511.0
"Klimuk, Pyotr",male,1942,U.S.S.R/Russia,3,commander,1978,Saluyt 6,190.0
"Lebedev, Valentin",male,1942,U.S.S.R/Russia,2,flight engineer,1973,Soyuz 13,188.0
"Lebedev, Valentin",male,1942,U.S.S.R/Russia,2,flight engineer,1982,Salyut 7,5313.0
"Artyukhin, Yuri",male,1930,U.S.S.R/Russia,1,flight engineer,1974,Soyuz 14,377.0
"Sarafanov, Gennadi",male,1942,U.S.S.R/Russia,1,commander,1974,Soyuz 15,48.0
"Dyomin, Lev",male,1926,U.S.S.R/Russia,1,flight engineer,1974,Soyuz 15,48.0
"Gubarev, Aleksei",male,1931,U.S.S.R/Russia,2,commander,1975,Salyut 4,709.0
"Gubarev, Aleksei",male,1931,U.S.S.R/Russia,2,commander,1978,Salyut 6,190.0
"Grechko, Georgi",male,1931,U.S.S.R/Russia,3,flight engineer,1975,Salyut 4,709.0
"Grechko, Georgi",male,1931,U.S.S.R/Russia,3,flight engineer,1977,Salyut 6,2314.0
"Grechko, Georgi",male,1931,U.S.S.R/Russia,3,flight engineer,1985,Soyuz 7,213.0
"Brand, Vance D.",male,1931,U.S.,4,pilot,1975,ASTP,217.5
"Brand, Vance D.",male,1931,U.S.,4,commander,1982,STS-5,122.25
"Brand, Vance D.",male,1931,U.S.,4,commander,1984,STS-41-B,191.25
"Brand, Vance D.",male,1931,U.S.,4,commander,1990,STS-35,215.0
"Slayton, Donald K.",male,1924,U.S.,1,pilot,1975,ASTP,217.47
"Zholobov, Vitali",male,1937,U.S.S.R/Russia,1,flight engineer,1976,Soyuz 21,1182.0
"Aksyonov, Vladimir",male,1935,U.S.S.R/Russia,2,flight engineer,1976,Soyuz 22,189.0
"Aksyonov, Vladimir",male,1935,U.S.S.R/Russia,2,flight engineer,1980,Soyuz T2,94.0
"Zudov, Vyacheslav",male,1942,U.S.S.R/Russia,1,commander,1976,Soyuz 23,48.0
"Rozhdestvensky, Valery",male,1939,U.S.S.R/Russia,1,flight engineer,1976,Soyuz 23,48.0
"Glazkov, Yuri",male,1939,U.S.S.R/Russia,1,flight engineer,1977,Soyuz 24,425.0
"Kovalyonok, Vladimir",male,1942,U.S.S.R/Russia,3,commander,1977,Soyuz 25,48.0
"Kovalyonok, Vladimir",male,1942,U.S.S.R/Russia,3,commander,1978,Salyut 6,3350.0
"Kovalyonok, Vladimir",male,1942,U.S.S.R/Russia,3,commander,1981,Salyut 6,1793.0
"Ryumin, Valery",male,1939,U.S.S.R/Russia,4,flight engineer,1977,Soyuz 25,48.0
"Ryumin, Valery",male,1939,U.S.S.R/Russia,4,flight engineer,1979,Salyut 6,4200.0
"Ryumin, Valery",male,1939,U.S.S.R/Russia,4,flight engineer,1980,Salyut 6,4436.0
"Ryumin, Valery",male,1939,U.S.S.R/Russia,4,MSP,1998,STS 91,235.0
"Romanenko, Yuri",male,1944,U.S.S.R/Russia,3,commander,1977,Soyuz 26/27,2314.0
"Romanenko, Yuri",male,1944,U.S.S.R/Russia,3,commander,1980,Soyuz 38,188.0
"Romanenko, Yuri",male,1944,U.S.S.R/Russia,3,commander,1987,2,7835.0
"Dzhanibekov, Vladimir",male,1942,U.S.S.R/Russia,5,commander,1978,Soyuz 27/26,142.0
"Dzhanibekov, Vladimir",male,1942,U.S.S.R/Russia,5,commander,1981,Soyuz 39,188.0
"Dzhanibekov, Vladimir",male,1942,U.S.S.R/Russia,5,commander,1982,Salyut 7,189.0
"Dzhanibekov, Vladimir",male,1942,U.S.S.R/Russia,5,commander,1984,Salyut 7,283.0
"Dzhanibekov, Vladimir",male,1942,U.S.S.R/Russia,5,commander,1985,Salyut 7,2691.0
Vladimir Remek,male,1948,Czechoslovakia,1,pilot,1978,Soyuz 28,190.28
"Ivanchenkov, Aleksandr",male,1940,U.S.S.R/Russia,2,flight engineer,1978,Salyut 6,3350.0
"Ivanchenkov, Aleksandr",male,1940,U.S.S.R/Russia,2,flight engineer,1982,Salyut 7,189.0
Miroslaw Hermaszewske,male,1941,Poland,1,pilot,1978,Soyuz 30,190.03
"Jahn, Sigmund",male,1937,Germany,1,MSP,1978,Soyuz 31,188.82
"Lyakhov, Vladimir",male,1941,U.S.S.R/Russia,3,commander,1979,Salyut 6,4200.0
"Lyakhov, Vladimir",male,1941,U.S.S.R/Russia,3,commander,1983,Salyut 7,3586.0
"Lyakhov, Vladimir",male,1941,U.S.S.R/Russia,3,commander,1988,3,212.0
Georgi Ivanov,male,1940,Bulgaria,1,pilot,1979,Soyuz 33,47.0
"Popov, Leonid",male,1945,U.S.S.R/Russia,3,commander,1980,Salyut 6,4436.0
"Popov, Leonid",male,1945,U.S.S.R/Russia,3,commander,1981,Salyut 6,188.0
"Popov, Leonid",male,1945,U.S.S.R/Russia,3,commander,1982,Salyut 7,189.0
"Malyshev, Yuri",male,1941,U.S.S.R/Russia,2,commander,1980,Salyut 7,94.0
"Malyshev, Yuri",male,1941,U.S.S.R/Russia,2,commander,1984,Salyut 7,189.0
Pham Tuan,male,1947,Vietnam,1,MSP,1980,Salyut 6,188.7
Arnaldo Tamayo Mendez,male,1942,Cuba,1,pilot,1980,Soyuz 38,1887.71
"Kizim, Leonid",male,1941,U.S.S.R/Russia,3,commander,1980,Salyut 6,307.0
"Kizim, Leonid",male,1941,U.S.S.R/Russia,3,commander,1984,Salyut 7,5686.0
"Kizim, Leonid",male,1941,U.S.S.R/Russia,3,commander,1986,1,3000.0
"Strekalov, Gennadi",male,1940,U.S.S.R/Russia,5,MSP,1980,Salyut 6,307.0
"Strekalov, Gennadi",male,1940,U.S.S.R/Russia,5,flight engineer,1983,Soyuz T8,48.0
"Strekalov, Gennadi",male,1940,U.S.S.R/Russia,5,flight engineer,1984,Salyut 7,189.0
"Strekalov, Gennadi",male,1940,U.S.S.R/Russia,5,flight engineer,1990,7,3140.0
"Strekalov, Gennadi",male,1940,U.S.S.R/Russia,5,flight engineer,1995,18,2768.0
"Savinykh, Viktor",male,1940,U.S.S.R/Russia,3,flight engineer,1981,Salyut 6,1793.0
"Serebrov, Aleksandr",male,1944,U.S.S.R/Russia,4,MSP,1983,Soyuz T8,48.0
"Serebrov, Aleksandr",male,1944,U.S.S.R/Russia,4,flight engineer,1990,5,3990.0
"Serebrov, Aleksandr",male,1944,U.S.S.R/Russia,4,flight engineer,1993,14,4721.0
"Savitskaya, Svetlana",female,1948,U.S.S.R/Russia,2,MSP,1982,Salyut 7,189.0
"Savitskaya, Svetlana",female,1948,U.S.S.R/Russia,2,flight engineer,1984,Salyut 7,283.0
"Overmyer, Robert F.",male,1936,U.S.,2,pilot,1982,STS-5,122.0
"Overmyer, Robert F.",male,1936,U.S.,2,commander,1985,STS-51-B,168.0
"Allen, Joseph P.",male,1937,U.S.,2,MSP,1982,STS-5,122.0
"Allen, Joseph P.",male,1937,U.S.,2,MSP,1984,STS-51-A,191.0
"Lenoir, William B.",male,1939,U.S.,1,MSP,1982,STS-5,122.0
"Bobko, Karol J.",male,1937,U.S.,3,pilot,1983,STS-6,122.0
"Bobko, Karol J.",male,1937,U.S.,3,commander,1985,STS-51-D,236.0
"Bobko, Karol J.",male,1937,U.S.,3,commander,1985,STS-51-J,98.0
"Peterson, Donald H.",male,1933,U.S.,1,MSP,1983,STS-6,120.0
"Musgrave, Franklin Story",male,1935,U.S.,6,MSP,1983,STS-6,120.0
"Musgrave, Franklin Story",male,1935,U.S.,6,MSP,1985,STS-51F,191.0
"Musgrave, Franklin Story",male,1935,U.S.,6,MSP,1989,STS-33,168.0
"Musgrave, Franklin Story",male,1935,U.S.,6,MSP,1991,STS-44,167.0
"Musgrave, Franklin Story",male,1935,U.S.,6,MSP,1993,STS-61,260.0
"Musgrave, Franklin Story",male,1935,U.S.,6,MSP,1996,STS-80,424.0
"Titov, Vladimir",male,1947,U.S.S.R/Russia,4,commander,1983,Soyuz T8,48.0
"Titov, Vladimir",male,1947,U.S.S.R/Russia,4,commander,1988,3,8782.0
"Titov, Vladimir",male,1947,U.S.S.R/Russia,4,MSP,1995,STS63,198.0
"Titov, Vladimir",male,1947,U.S.S.R/Russia,4,commander,1997,24,259.0
"Hauck, Frederick H.",male,1941,U.S.,3,pilot,1983,STS-7,146.0
"Hauck, Frederick H.",male,1941,U.S.,3,commander,1984,STS-51-A,191.0
"Hauck, Frederick H.",male,1941,U.S.,3,commander,1988,STS-26,97.0
"Fabian, John M.",male,1939,U.S.,2,MSP,1983,STS-7,146.0
"Fabian, John M.",male,1939,U.S.,2,MSP,1985,STS-51-G,170.0
"Ride, Sally K.",female,1951,U.S.,2,MSP,1983,STS-7,147.0
"Ride, Sally K.",female,1951,U.S.,2,MSP,1984,STS-41-G,197.0
"Thagard, Norman E.",male,1943,U.S.,5,MSP,1983,STS-7,147.0
"Thagard, Norman E.",male,1943,U.S.,5,MSP,1985,STS-51B,168.0
"Thagard, Norman E.",male,1943,U.S.,5,MSP,1989,STS-30,97.0
"Thagard, Norman E.",male,1943,U.S.,5,MSP,1992,STS-42,192.0
"Thagard, Norman E.",male,1943,U.S.,5,MSP,1995,18,2760.0
"Aleksandrov, Aleksandr",male,1943,U.S.S.R/Russia,2,flight engineer,1983,Salyut 7,3586.0
"Aleksandrov, Aleksandr",male,1943,U.S.S.R/Russia,2,flight engineer,1987,2,3847.0
"Brandenstein, Daniel C.",male,1943,U.S.,4,pilot,1983,STS-8,145.0
"Brandenstein, Daniel C.",male,1943,U.S.,4,commander,1985,STS-51-G,170.0
"Brandenstein, Daniel C.",male,1943,U.S.,4,commander,1990,STS-32,261.0
"Brandenstein, Daniel C.",male,1943,U.S.,4,commander,1992,STS-49,213.0
"Bluford, Guion S., Jr.",male,1942,U.S.,4,MSP,1983,STS-8,31.0
"Bluford, Guion S., Jr.",male,1942,U.S.,4,MSP,1985,STS-61-A,168.0
"Bluford, Guion S., Jr.",male,1942,U.S.,4,MSP,1991,STS-39,199.0
"Bluford, Guion S., Jr.",male,1942,U.S.,4,MSP,1992,STS-53,175.0
"Gardner, Dale A.",male,1948,U.S.,2,MSP,1983,STS-8,145.0
"Gardner, Dale A.",male,1948,U.S.,2,MSP,1984,STS-51A,191.0
"Thornton, William E.",male,1929,U.S.,2,MSP,1983,STS-8,145.0
"Thornton, William E.",male,1929,U.S.,2,MSP,1985,STS-51-B,169.0
"Shaw, Brewster H., Jr.",male,1945,U.S.,3,pilot,1983,STS-9,247.75
"Shaw, Brewster H., Jr.",male,1945,U.S.,3,commander,1985,STS-61-B,165.0
"Shaw, Brewster H., Jr.",male,1945,U.S.,3,commander,1989,STS-28,121.0
"Parker, Robert A. R.",male,1936,U.S.,2,MSP,1983,STS-9,248.0
"Parker, Robert A. R.",male,1936,U.S.,2,MSP,1990,STS-35,215.0
"Lichtenberg, Byron Kurt",male,1948,U.S.,2,PSP,1983,Spacelab 1,247.94
"Lichtenberg, Byron Kurt",male,1948,U.S.,2,PSP,1992,Atlas-1,214.37
"Merbold, Ulf",male,1941,Germany,3,PSP,1983,STS-9,248.0
"Merbold, Ulf",male,1941,Germany,3,PSP,1992,STS-42,193.0
"Merbold, Ulf",male,1941,Germany,3,MSP,1994,Euromir 94,756.6
"Gibson, Robert L.",male,1946,U.S.,5,pilot,1984,STS-41-B,191.25
"Gibson, Robert L.",male,1946,U.S.,5,commander,1986,STS-61-C,146.0
"Gibson, Robert L.",male,1946,U.S.,5,commander,1988,STS-27,105.0
"Gibson, Robert L.",male,1946,U.S.,5,commander,1992,STS-47,190.5
"Gibson, Robert L.",male,1946,U.S.,5,commander,1995,STS-71,235.38
"McNair, Ronald E.",male,1950,U.S.,2,MSP,1984,STS-41-B,191.0
"McNair, Ronald E.",male,1950,U.S.,2,MSP,1986,STS-51-L,0.0
"Stewart, Robert L.",male,1942,U.S.,2,MSP,1984,STS-41 B,191.5
"Stewart, Robert L.",male,1942,U.S.,2,MSP,1985,STS-51 J,97.7
"McCandless, Bruce, II",male,1937,U.S.,2,MSP,1984,STS-41-B,191.0
"McCandless, Bruce, II",male,1937,U.S.,2,MSP,1990,STS-31,121.0
"Solovyov, Vladimir",male,1946,U.S.S.R/Russia,2,flight engineer,1984,Salyut 7,5686.0
"Solovyov, Vladimir",male,1946,U.S.S.R/Russia,2,flight engineer,1986,1,3000.0
"Atkov, Oleg",male,1949,U.S.S.R/Russia,1,MSP,1984,Salyut 7,5686.0
Rakesh Sharma,male,1949,India,1,pilot,1984,Salyut 7,4365.8
"Scobee, Francis R.",male,1939,U.S.,2,pilot,1984,STS-41-C,168.0
"Scobee, Francis R.",male,1939,U.S.,2,commander,1986,STS-51-L,0.0
"Hart, Terry J.",male,1946,U.S.,1,MSP,1984,STS-41-C,167.67
"Van Hoften, James D. A.",male,1944,U.S.,2,MSP,1984,STS-41 C,167.0
"Van Hoften, James D. A.",male,1944,U.S.,2,MSP,1985,STS-51I,171.0
"Nelson, George D.",male,1950,U.S.,3,MSP,1984,STS-41C,168.0
"Nelson, George D.",male,1950,U.S.,3,MSP,1986,STS-61C,146.0
"Nelson, George D.",male,1950,U.S.,3,MSP,1988,STS-26,97.0
"Volk, Igor",male,1937,U.S.S.R/Russia,1,MSP,1984,Salyut 7,283.0
"Coats, Michael L.",male,1952,U.S.,3,pilot,1984,STS-41-D,145.0
"Coats, Michael L.",male,1952,U.S.,3,commander,1989,STS-29,120.0
"Coats, Michael L.",male,1952,U.S.,3,commander,1991,STS-39,199.0
"Mullane, Richard M.",male,1945,U.S.,3,MSP,1984,STS-41D,145.0
"Mullane, Richard M.",male,1945,U.S.,3,MSP,1988,STS-27,105.0
"Mullane, Richard M.",male,1945,U.S.,3,MSP,1990,STS-36,106.0
"Hawley, Steven A.",male,1951,U.S.,5,MSP,1984,STS-41-D,144.0
"Hawley, Steven A.",male,1951,U.S.,5,MSP,1986,STS-61-C,146.0
"Hawley, Steven A.",male,1951,U.S.,5,MSP,1990,STS-31,121.0
"Hawley, Steven A.",male,1951,U.S.,5,MSP,1997,STS-82,239.0
"Hawley, Steven A.",male,1951,U.S.,5,MSP,1999,STS-93,118.0
"Resnik, Judith A.",female,1949,U.S.,2,MSP,1984,STS-41-D,144.0
"Resnik, Judith A.",female,1949,U.S.,2,MSP,1985,STS-51-L,0.0
"Walker, Charles David",male,1948,U.S.,3,PSP,1984,STS-41D,144.98
"Walker, Charles David",male,1948,U.S.,3,PSP,1985,STS-51D,168.15
"Walker, Charles David",male,1948,U.S.,3,PSP,1985,STS-61B,165.16
"McBride, Jon A.",male,1943,U.S.,1,pilot,1984,STS-41-G,197.0
"Sullivan, Kathryn D.",female,1951,U.S.,3,MSP,1984,STS-41-G,197.5
"Sullivan, Kathryn D.",female,1951,U.S.,3,MSP,1990,STS-31,121.0
"Sullivan, Kathryn D.",female,1951,U.S.,3,MSP,1992,STS-45,213.5
"Leestma, David C.",male,1949,U.S.,3,MSP,1984,STS-41-G,197.0
"Leestma, David C.",male,1949,U.S.,3,MSP,1989,STS-28,121.0
"Leestma, David C.",male,1949,U.S.,3,MSP,1992,STS-45,214.0
"Scully-Power, Paul Desmond",male,1944,U.S.,1,PSP,1984,STS-41-G,197.67
"Garneau, Marc Joseph Jean-Pierre",male,1949,Canada,3,PSP,1984,STS-41-G,197.0
"Garneau, Marc Joseph Jean-Pierre",male,1949,Canada,3,MSP,1996,STS-77,240.67
"Garneau, Marc Joseph Jean-Pierre",male,1949,Canada,3,MSP,2000,STS-97,260.0
"Walker, David Mathieson",male,1944,U.S.,4,pilot,1984,STS-51-A,191.0
"Walker, David Mathieson",male,1944,U.S.,4,commander,1989,STS-30,96.0
"Walker, David Mathieson",male,1944,U.S.,4,commander,1992,STS-53,175.0
"Walker, David Mathieson",male,1944,U.S.,4,commander,1995,STS-69,44.0
"Fisher, Anna L.",female,1949,U.S.,1,MSP,1984,STS-51-A,191.0
"Shriver, Loren J.",male,1944,U.S.,3,pilot,1985,STS-51-C,73.5
"Shriver, Loren J.",male,1944,U.S.,3,commander,1990,STS-31,121.0
"Shriver, Loren J.",male,1944,U.S.,3,commander,1992,STS-46,191.0
"Onizuka, Ellison S.",male,1946,U.S.,2,MSP,1985,STS 51-C,74.0
"Onizuka, Ellison S.",male,1946,U.S.,2,MSP,1986,STS 51-L,0.0
"Buchli, James F.",male,1945,U.S.,4,MSP,1985,STS-51-C,73.5
"Buchli, James F.",male,1945,U.S.,4,MSP,1985,STS-61-A,168.0
"Buchli, James F.",male,1945,U.S.,4,MSP,1989,STS-29,120.0
"Buchli, James F.",male,1945,U.S.,4,MSP,1991,STS-48,128.5
"Payton, Gary Eugene",male,1948,U.S.,1,PSP,1985,STS-51C,73.675
"Williams, Donald E.",male,1942,U.S.,2,pilot,1985,STS-51-D,167.0
"Williams, Donald E.",male,1942,U.S.,2,commander,1989,STS-34,119.0
"Seddon, Margaret Rhea",female,1947,U.S.,3,MSP,1985,STS-51-D,168.0
"Seddon, Margaret Rhea",female,1947,U.S.,3,MSP,1991,STS-40,218.0
"Seddon, Margaret Rhea",female,1947,U.S.,3,MSP,1993,STS-58,336.0
"Griggs, S. David",male,1947,U.S.,1,MSP,1985,STS-51-D,168.0
"Hoffman, Jeffrey A.",male,1944,U.S.,5,MSP,1985,STS-51-D,167.0
"Hoffman, Jeffrey A.",male,1944,U.S.,5,MSP,1990,STS-35,215.0
"Hoffman, Jeffrey A.",male,1944,U.S.,5,MSP,1992,STS-46,191.0
"Hoffman, Jeffrey A.",male,1944,U.S.,5,MSP,1993,STS-61,259.0
"Hoffman, Jeffrey A.",male,1944,U.S.,5,MSP,1996,STS-75,377.0
"Garn, Edwin Jacob",male,1932,U.S.,1,PSP,1985,STS-51D,168.15
"Gregory, Frederick D.",male,1941,U.S.,3,pilot,1985,STS-51-B,168.0
"Gregory, Frederick D.",male,1941,U.S.,3,commander,1989,STS-33,120.0
"Gregory, Frederick D.",male,1941,U.S.,3,commander,1991,STS-44,166.0
"Lind, Don L.",male,1930,U.S.,1,MSP,1985,STS-51-B,168.0
"Lodewijk, van der Berg",male,1932,U.S.,1,PSP,1985,Spacelab-3,168.525
"Wang, Taylor Gun-Jin",male,1940,U.S.,1,PSP,1985,spacelab-3,168.525
"Creighton, John O.",male,1943,U.S.,3,pilot,1985,STS-51-G,170.0
"Creighton, John O.",male,1943,U.S.,3,commander,1990,STS-36,106.0
"Creighton, John O.",male,1943,U.S.,3,commander,1991,STS-48,128.0
"Nagel, Steven R.",male,1946,U.S.,4,MSP,1985,STS-51G,170.0
"Nagel, Steven R.",male,1946,U.S.,4,pilot,1985,STS-61A,169.0
"Nagel, Steven R.",male,1946,U.S.,4,commander,1991,STS-37,143.0
"Nagel, Steven R.",male,1946,U.S.,4,commander,1993,STS-55,240.0
"Lucid, Shannon W.",female,1943,U.S.,5,MSP,1985,STS-51-G,169.0
"Lucid, Shannon W.",female,1943,U.S.,5,MSP,1989,STS-34,119.0
"Lucid, Shannon W.",female,1943,U.S.,5,MSP,1991,STS-43,213.0
"Lucid, Shannon W.",female,1943,U.S.,5,MSP,1993,STS-58,336.0
"Lucid, Shannon W.",female,1943,U.S.,5,MSP,1996,22,4516.0
"Baudry, Patrick",male,1946,France,1,PSP,1985,STS-51G,169.63
"Al-saud, Sultan bin Salman",male,1956,Saudi Arabia,1,PSP,1985,STS-51G,170.0
"Bridges, Roy D., Jr.",male,1943,U.S.,1,pilot,1985,STS-51-F,190.0
"Henize, Karl G.",male,1926,U.S.,1,MSP,1985,STS-51-F,190.0
"England, Anthony W.",male,1942,U.S.,1,MSP,1985,STS-51-F,190.0
"Acton, Loren Wilbur",male,1936,U.S.,1,PSP,1978,Spacelab-2,190.94
"Bartoe, John-David Francis",male,1944,U.S.,1,PSP,1978,STS-51-F,190.94
"Covey, Richard O.",male,1946,U.S.,4,pilot,1985,STS-51-I,170.0
"Covey, Richard O.",male,1946,U.S.,4,pilot,1988,STS-26,97.0
"Covey, Richard O.",male,1946,U.S.,4,commander,1990,STS-38,118.0
"Covey, Richard O.",male,1946,U.S.,4,commander,1993,STS-61,260.0
"Lounge, John M.",male,1946,U.S.,3,MSP,1985,STS-51-I,170.0
"Lounge, John M.",male,1946,U.S.,3,MSP,1988,STS-26,97.0
"Lounge, John M.",male,1946,U.S.,3,MSP,1990,STS-35,215.0
"Fisher, William F.",male,1946,U.S.,1,MSP,1985,STS-51-I,170.0
"Vasyutin, Vladimir",male,1952,U.S.S.R/Russia,1,commander,1985,Salyut 7,1557.0
"Volkov, Alexander",male,1948,U.S.S.R/Russia,3,MSP,1985,Salyut 7,1557.0
"Volkov, Alexander",male,1948,U.S.S.R/Russia,3,MSP,1989,4,3635.0
"Volkov, Alexander",male,1948,U.S.S.R/Russia,3,MSP,1992,10,4202.0
"Grabe, Ronald J.",male,1945,U.S.,4,pilot,1985,STS-51-J,97.73
"Grabe, Ronald J.",male,1945,U.S.,4,pilot,1989,STS-30,97.0
"Grabe, Ronald J.",male,1945,U.S.,4,commander,1992,STS-42,193.0
"Grabe, Ronald J.",male,1945,U.S.,4,commander,1993,STS-57,239.0
"Hilmers, David C.",male,1950,U.S.,4,MSP,1985,STS-51-J,97.0
"Hilmers, David C.",male,1950,U.S.,4,MSP,1988,STS-26,97.0
"Hilmers, David C.",male,1950,U.S.,4,MSP,1990,STS-36,106.0
"Hilmers, David C.",male,1950,U.S.,4,MSP,1992,STS-42,193.0
"Pailes, William Arthur",male,1936,U.S.,1,PSP,1985,STS-51-J,98.11
"Dunbar, Bonnie J.",female,1949,U.S.,5,MSP,1985,STS-61-A,168.0
"Dunbar, Bonnie J.",female,1949,U.S.,5,MSP,1990,STS-32,261.0
"Dunbar, Bonnie J.",female,1949,U.S.,5,MSP,1992,STS-50,331.0
"Dunbar, Bonnie J.",female,1949,U.S.,5,MSP,1995,STS-71,235.0
"Dunbar, Bonnie J.",female,1949,U.S.,5,MSP,1998,STS-89,211.0
"Furrer, Reinhard Alfred",male,1940,Germany,1,PSP,1985,STS-61A,168.73
"Messerschmid, Ernst Willi",male,1945,Germany,1,PSP,1985,STS-61A,168.73
"Ockels, Wubbo Johannes",male,1946,Netherland,1,PSP,1985,STS-61-A,168.73
"O'Connor, Bryan D.",male,1946,U.S.,2,pilot,1985,STS-61B Atlantis,165.0
"O'Connor, Bryan D.",male,1946,U.S.,2,commander,1991,STS-40 Columbia,218.0
"Ross, Jerry L.",male,1948,U.S.,7,MSP,1985,STS-61,165.0
"Ross, Jerry L.",male,1948,U.S.,7,MSP,1988,STS-27,105.0
"Ross, Jerry L.",male,1948,U.S.,7,MSP,1991,STS-37,143.0
"Ross, Jerry L.",male,1948,U.S.,7,MSP,1993,STS-55,239.0
"Ross, Jerry L.",male,1948,U.S.,7,MSP,1995,STS-74,129.0
"Ross, Jerry L.",male,1948,U.S.,7,MSP,1998,STS-88,283.0
"Ross, Jerry L.",male,1948,U.S.,7,MSP,2002,STS-110,259.0
"Cleave, Mary L.",female,1947,U.S.,2,MSP,1985,STS-30,97.0
"Cleave, Mary L.",female,1947,U.S.,2,MSP,1989,STS-61-B,165.0
"Spring, Sherwood C.",male,1944,U.S.,1,MSP,1985,STS-61-B,165.0
"Neri Vela, Rodolfl",male,1952,Mexico,1,PSP,1985,STS-61-B,165.07
"Bolden, Charles F., Jr.",male,1946,U.S.,4,pilot,1986,STS-61-C,74.0
"Bolden, Charles F., Jr.",male,1946,U.S.,4,pilot,1990,STS-31,121.0
"Bolden, Charles F., Jr.",male,1946,U.S.,4,commander,1992,STS-45,214.0
"Bolden, Charles F., Jr.",male,1946,U.S.,4,commander,1994,STS-60,199.0
"Chang-Diaz, Franklin R.",male,1950,U.S.,7,MSP,1986,STS-61-C,146.0
"Chang-Diaz, Franklin R.",male,1950,U.S.,7,MSP,1989,STS-34,120.0
"Chang-Diaz, Franklin R.",male,1950,U.S.,7,MSP,1992,STS-46,191.0
"Chang-Diaz, Franklin R.",male,1950,U.S.,7,MSP,1994,STS-60,199.0
"Chang-Diaz, Franklin R.",male,1950,U.S.,7,MSP,1996,STS-75,377.0
"Chang-Diaz, Franklin R.",male,1950,U.S.,7,MSP,1998,STS-91,236.0
"Chang-Diaz, Franklin R.",male,1950,U.S.,7,MSP,2002,STS-111,333.0
"Cenker, Robert Joseph",male,1948,U.S.,1,PSP,1986,STS-61C,146.42
"Nelson, William Clarence",male,1942,U.S.,1,PSP,1986,STS-61C,6.03
"Smith, Michael John",male,1945,U.S.,1,pilot,1986,STS-51L,0.61
"Jarvis, Gregory Bruce",male,1944,U.S.,1,PSP,1986,STS-51L,0.61
"McAuliffe, Sharon Christa Corrigan",female,1948,U.S.,1,PSP,1986,STS-51L,0.61
"Laveykin, Aleksandr",male,1951,U.S.S.R/Russia,1,flight engineer,1987,2,4179.0
"Viktorenko, Aleksandr",male,1947,U.S.S.R/Russia,4,commander,1987,1,191.0
"Viktorenko, Aleksandr",male,1947,U.S.S.R/Russia,4,commander,1990,5,3990.0
"Viktorenko, Aleksandr",male,1947,U.S.S.R/Russia,4,commander,1992,11,3494.0
"Viktorenko, Aleksandr",male,1947,U.S.S.R/Russia,4,commander,1994,17,4061.0
"Faris, M. Achmed",male,1951,Syria,1,MSP,1987,1,191.0
"Manarov, Musa",male,1951,U.S.S.R/Russia,2,flight engineer,1987,3,8782.0
"Manarov, Musa",male,1951,U.S.S.R/Russia,2,flight engineer,1990,8,4201.0
"Levchenko, Anatoli",male,1941,U.S.S.R/Russia,1,MSP,1987,Soyuz TM4/3,189.0
"Solovyev, Anatoly",male,1948,U.S.S.R/Russia,5,commander,1988,2,236.0
"Solovyev, Anatoly",male,1948,U.S.S.R/Russia,5,commander,1990,6,4297.0
"Solovyev, Anatoly",male,1948,U.S.S.R/Russia,5,commander,1993,12,4533.0
"Solovyev, Anatoly",male,1948,U.S.S.R/Russia,5,commander,1995,19,1811.0
"Solovyev, Anatoly",male,1948,U.S.S.R/Russia,5,commander,1997,24,4745.0
"Aleksandrov, Aleksandr",male,1951,Bulgaria,1,pilot,1988,2,47.0
"Polyakov, Valeri",male,1942,U.S.S.R/Russia,2,flight engineer,1988,3,5782.0
"Polyakov, Valeri",male,1942,U.S.S.R/Russia,2,MSP,1994,15,10505.0
"Mohmand, Abdul Ahad",male,1959,Afghanistan,1,MSP,1988,3,212.0
"Krikalev, Sergei",male,1958,U.S.S.R/Russia,6,flight engineer,1988,4,3635.0
"Krikalev, Sergei",male,1958,U.S.S.R/Russia,6,flight engineer,1991,9,7484.0
"Krikalev, Sergei",male,1958,U.S.S.R/Russia,6,flight engineer,1994,STS60,199.0
"Krikalev, Sergei",male,1958,U.S.S.R/Russia,6,flight engineer,1998,STS88,283.0
"Krikalev, Sergei",male,1958,U.S.S.R/Russia,6,flight engineer,2000,1,3383.0
"Krikalev, Sergei",male,1958,U.S.S.R/Russia,6,commander,2005,11,4296.0
"Gardner, Guy S.",male,1948,U.S.,2,pilot,1988,STS-27,105.0
"Gardner, Guy S.",male,1948,U.S.,2,pilot,1990,STS-35,215.0
"Shepherd, William M.",male,1949,U.S.,4,MSP,1988,STS-27,105.0
"Shepherd, William M.",male,1949,U.S.,4,MSP,1990,STS-41,98.0
"Shepherd, William M.",male,1949,U.S.,4,MSP,1992,STS-52,237.0
"Shepherd, William M.",male,1949,U.S.,4,flight engineer,2000,1,3281.0
"Blaha, John E.",male,1942,U.S.,5,pilot,1989,STS-29,120.0
"Blaha, John E.",male,1942,U.S.,5,pilot,1989,STS-33,120.0
"Blaha, John E.",male,1942,U.S.,5,commander,1991,STS-43,213.0
"Blaha, John E.",male,1942,U.S.,5,commander,1993,STS-58,336.0
"Blaha, John E.",male,1942,U.S.,5,MSP,1996,22,3077.0
"Springer, Robert C.",male,1942,U.S.,2,MSP,1989,STS-29,119.0
"Springer, Robert C.",male,1942,U.S.,2,MSP,1990,STS-38,118.0
"Bagian, James P.",male,1952,U.S.,2,MSP,1989,STS-29,120.0
"Bagian, James P.",male,1952,U.S.,2,MSP,1991,STS-40,218.0
"Lee, Mark C.",male,1952,U.S.,4,MSP,1989,STS-30,97.0
"Lee, Mark C.",male,1952,U.S.,4,MSP,1992,STS-47,190.0
"Lee, Mark C.",male,1952,U.S.,4,MSP,1994,STS-64,262.0
"Lee, Mark C.",male,1952,U.S.,4,MSP,1997,STS-82,239.0
"Richards, Richard N.",male,1946,U.S.,4,pilot,1989,STS-28,120.0
"Richards, Richard N.",male,1946,U.S.,4,commander,1990,STS-41,96.0
"Richards, Richard N.",male,1946,U.S.,4,commander,1992,STS-50,336.0
"Richards, Richard N.",male,1946,U.S.,4,commander,1994,STS-64,242.0
"Adamson, James C.",male,1946,U.S.,2,MSP,1989,STS-28,121.0
"Adamson, James C.",male,1946,U.S.,2,MSP,1991,STS-43,213.0
"Brown, Mark N.",male,1951,U.S.,2,MSP,1989,STS-28,121.0
"Brown, Mark N.",male,1951,U.S.,2,MSP,1991,STS-48,128.0
"McCulley, Michael J.",male,1943,U.S.,1,pilot,1989,STS-34,119.0
"Baker, Ellen S.",female,1953,U.S.,3,MSP,1989,STS-34,120.0
"Baker, Ellen S.",female,1953,U.S.,3,MSP,1992,STS-50,331.0
"Baker, Ellen S.",female,1953,U.S.,3,MSP,1995,STS-71,235.0
"Carter, Manley Lanier, Jr.",male,1947,U.S.,1,MSP,1989,STS-33,120.0
"Thornton, Kathryn C.",female,1952,U.S.,4,MSP,1989,STS-33,120.0
"Thornton, Kathryn C.",female,1952,U.S.,4,MSP,1992,STS-49,213.0
"Thornton, Kathryn C.",female,1952,U.S.,4,MSP,1993,STS-61,264.0
"Thornton, Kathryn C.",female,1952,U.S.,4,MSP,1995,STS-73,360.0
"Wetherbee, James D.",male,1952,U.S.,6,pilot,1990,STS-32,261.0
"Wetherbee, James D.",male,1952,U.S.,6,commander,1992,STS-52,236.0
"Wetherbee, James D.",male,1952,U.S.,6,commander,1995,STS-63,198.0
"Wetherbee, James D.",male,1952,U.S.,6,commander,1997,STS-86,259.0
"Wetherbee, James D.",male,1952,U.S.,6,commander,2001,STS-102,307.0
"Wetherbee, James D.",male,1952,U.S.,6,commander,2002,STS-113,330.0
"Ivins, Marsha S.",female,1951,U.S.,5,MSP,1990,STS-32,261.0
"Ivins, Marsha S.",female,1951,U.S.,5,MSP,1992,STS-46,191.0
"Ivins, Marsha S.",female,1951,U.S.,5,MSP,1994,STS-62,335.0
"Ivins, Marsha S.",female,1951,U.S.,5,MSP,1997,STS-81,244.0
"Ivins, Marsha S.",female,1951,U.S.,5,MSP,2001,STS-98,309.0
"Low, G. David",male,1956,U.S.,3,MSP,1990,STS-32,261.0
"Low, G. David",male,1956,U.S.,3,MSP,1991,STS-43,213.0
"Low, G. David",male,1956,U.S.,3,MSP,1993,STS-57,239.0
"Balandin, Aleksandr",male,1953,U.S.S.R/Russia,1,flight engineer,1990,6,4297.0
"Casper, John H.",male,1943,U.S.,4,pilot,1990,STS-36,106.0
"Casper, John H.",male,1943,U.S.,4,commander,1993,STS-54,143.0
"Casper, John H.",male,1943,U.S.,4,commander,1994,STS-62,335.0
"Casper, John H.",male,1943,U.S.,4,commander,1996,STS-77,241.0
"Thuot, Pierre J.",male,1955,U.S.,3,MSP,1990,STS-36,106.0
"Thuot, Pierre J.",male,1955,U.S.,3,MSP,1992,STS-49,213.0
"Thuot, Pierre J.",male,1955,U.S.,3,MSP,1994,STS-62,335.0
"Manakov, Gennadi",male,1950,U.S.S.R/Russia,2,commander,1990,7,3140.0
"Manakov, Gennadi",male,1950,U.S.S.R/Russia,2,commander,1993,13,4296.0
"Cabana, Robert D.",male,1949,U.S.,4,pilot,1990,STS-41,98.0
"Cabana, Robert D.",male,1949,U.S.,4,pilot,1992,STS-53,175.0
"Cabana, Robert D.",male,1949,U.S.,4,commander,1994,STS-65,354.0
"Cabana, Robert D.",male,1949,U.S.,4,commander,1998,STS-88,283.0
"Melnick, Bruce E.",male,1949,U.S.,2,MSP,1990,STS-41,98.0
"Melnick, Bruce E.",male,1949,U.S.,2,MSP,1992,STS-49,213.0
"Akers, Thomas D.",male,1951,U.S.,4,MSP,1990,STS-41,98.0
"Akers, Thomas D.",male,1951,U.S.,4,MSP,1992,STS-49,213.0
"Akers, Thomas D.",male,1951,U.S.,4,MSP,1993,STS-61,260.0
"Akers, Thomas D.",male,1951,U.S.,4,MSP,1996,STS-79,243.0
"Culbertson, Frank L., Jr.",male,1949,U.S.,3,pilot,1990,STS-38,118.0
"Culbertson, Frank L., Jr.",male,1949,U.S.,3,commander,1993,STS-51,236.0
"Culbertson, Frank L., Jr.",male,1949,U.S.,3,commander,2001,3,3093.0
"Meade, Carl J.",male,1950,U.S.,3,MSP,1990,STS-38,117.0
"Meade, Carl J.",male,1950,U.S.,3,MSP,1992,STS-50,331.0
"Meade, Carl J.",male,1950,U.S.,3,MSP,1994,STS-64,262.0
"Gemar, Charles D.",male,1955,U.S.,3,MSP,1990,STS-38,118.0
"Gemar, Charles D.",male,1955,U.S.,3,MSP,1991,STS-48,128.5
"Gemar, Charles D.",male,1955,U.S.,3,MSP,1994,STS-62,335.0
"Durrance, Samuel Thornton",male,1943,U.S.,2,PSP,1990,Astro-1,215.15
"Durrance, Samuel Thornton",male,1943,U.S.,2,PSP,1995,Astro-2,399.54
"Parise, Ronald Anthony",male,1951,U.S.,2,PSP,1990,STS-35,215.15
"Parise, Ronald Anthony",male,1951,U.S.,2,PSP,1995,STS-67,399.54
"Afanasyev, Viktor Mikhaylovich",male,1948,U.S.S.R/Russia,4,commander,1991,8,4201.0
"Afanasyev, Viktor Mikhaylovich",male,1948,U.S.S.R/Russia,4,commander,1994,15,4368.0
"Afanasyev, Viktor Mikhaylovich",male,1948,U.S.S.R/Russia,4,commander,1999,27,4532.0
"Afanasyev, Viktor Mikhaylovich",male,1948,U.S.S.R/Russia,4,commander,2001,Soyuz TM33/32,236.208
"Akiyama, Toyohiro",male,1942,Japan,1,Other (Journalist),1990,Soyuz TM-11/10,189.9
"Cameron, Kenneth D.",male,1949,U.S.,3,pilot,1991,STS-37,143.0
"Cameron, Kenneth D.",male,1949,U.S.,3,commander,1993,STS-56,222.0
"Cameron, Kenneth D.",male,1949,U.S.,3,commander,1995,STS-74,196.0
"Godwin, Linda M.",female,1952,U.S.,4,MSP,1991,STS-37,143.5
"Godwin, Linda M.",female,1952,U.S.,4,MSP,1994,STS-59,269.82
"Godwin, Linda M.",female,1952,U.S.,4,MSP,1996,STS-76,221.67
"Godwin, Linda M.",female,1952,U.S.,4,MSP,2001,STS-108,283.0
"Apt, Jerome",male,1949,U.S.,4,MSP,1991,STS-37,143.5
"Apt, Jerome",male,1949,U.S.,4,MSP,1992,STS-47,190.5
"Apt, Jerome",male,1949,U.S.,4,MSP,1994,STS-59,270.0
"Apt, Jerome",male,1949,U.S.,4,MSP,1996,STS-79,243.0
"Hammond, L. Blaine, Jr.",male,1952,U.S.,2,pilot,1991,STS-39,199.0
"Hammond, L. Blaine, Jr.",male,1952,U.S.,2,pilot,1994,STS-64,262.0
"Harbaugh, Gregory J.",male,1956,U.S.,4,MSP,1991,STS-39,199.0
"Harbaugh, Gregory J.",male,1956,U.S.,4,MSP,1993,STS-54,143.0
"Harbaugh, Gregory J.",male,1956,U.S.,4,MSP,1995,STS-71,235.0
"Harbaugh, Gregory J.",male,1956,U.S.,4,MSP,1997,STS-82,239.0
"McMonagle, Donald R.",male,1952,U.S.,3,MSP,1991,STS-39,199.0
"McMonagle, Donald R.",male,1952,U.S.,3,pilot,1993,STS-54,143.0
"McMonagle, Donald R.",male,1952,U.S.,3,commander,1994,STS-66,262.0
"Veach, Charles Lacy",male,1944,U.S.,2,MSP,1991,STS-39,192.0
"Veach, Charles Lacy",male,1944,U.S.,2,MSP,1992,STS-52,240.0
"Hieb, Richard J.",male,1955,U.S.,3,MSP,1991,STS-39,199.0
"Hieb, Richard J.",male,1955,U.S.,3,MSP,1992,STS-49,213.0
"Hieb, Richard J.",male,1955,U.S.,3,MSP,1994,STS-65,353.0
"Artsebarsky, Anatoly",male,1956,U.S.S.R/Russia,1,commander,1991,9,3471.0
Helen Sharman,female,1963,U.K.,1,MSP,1991,Soyuz TM-12/11,189.22
"Gutierrez, Sidney M.",male,1951,U.S.,2,MSP,1991,STS-40,218.0
"Gutierrez, Sidney M.",male,1951,U.S.,2,commander,1994,STS-59,269.0
"Jernigan, Tamara E.",female,1959,U.S.,5,MSP,1991,STS-40,218.0
"Jernigan, Tamara E.",female,1959,U.S.,5,MSP,1992,STS-52,236.0
"Jernigan, Tamara E.",female,1959,U.S.,5,MSP,1995,STS-67,399.0
"Jernigan, Tamara E.",female,1959,U.S.,5,MSP,1996,STS-80,423.0
"Jernigan, Tamara E.",female,1959,U.S.,5,MSP,1999,STS-96,235.0
"Gaffney, Andrew",male,1946,U.S.,1,PSP,1991,STS-40,218.0
"Hughes-Fulford, Millie Elizabeth",female,1945,U.S.,1,PSP,1991,STS-40,218.37
"Baker, Michael A.",male,1953,U.S.,4,pilot,1991,STS-43,213.0
"Baker, Michael A.",male,1953,U.S.,4,pilot,1992,STS-52,237.0
"Baker, Michael A.",male,1953,U.S.,4,commander,1994,STS-68,270.0
"Baker, Michael A.",male,1953,U.S.,4,commander,1997,STS-81,245.0
"Reightler, Kenneth S., Jr.",male,1951,U.S.,2,pilot,1991,STS-48,120.0
"Reightler, Kenneth S., Jr.",male,1951,U.S.,2,pilot,1994,STS-60,192.0
"Aubakirov, Toktar",male,1946,U.S.S.R/Russia,1,MSP,1991,10,190.0
"Viehbock, Franz",male,1960,Austria,1,MSP,1991,Soyuz TM13/12,190.2
"Henricks, Terence T.",male,1952,U.S.,4,pilot,1991,STS-44,166.0
"Henricks, Terence T.",male,1952,U.S.,4,pilot,1993,STS-55,239.0
"Henricks, Terence T.",male,1952,U.S.,4,commander,1995,STS-70,214.0
"Henricks, Terence T.",male,1952,U.S.,4,commander,1996,STS-78,405.0
"Voss, James S.",male,1949,U.S.,5,MSP,1991,STS-44,166.0
"Voss, James S.",male,1949,U.S.,5,MSP,1992,STS-53,175.0
"Voss, James S.",male,1949,U.S.,5,MSP,1995,STS-69,260.0
"Voss, James S.",male,1949,U.S.,5,MSP,2000,STS-101,236.0
"Voss, James S.",male,1949,U.S.,5,MSP,2001,2,163.0
"Runco, Mario, Jr.",male,1952,U.S.,3,MSP,1991,STS-44,166.0
"Runco, Mario, Jr.",male,1952,U.S.,3,MSP,1993,STS-54,143.0
"Runco, Mario, Jr.",male,1952,U.S.,3,MSP,1996,STS-77,240.0
"Hennen, Thomas John",male,1952,U.S.,1,PSP,1991,STS-44,167.11
"Oswald, Stephen S.",male,1951,U.S.,3,pilot,1992,STS-42,193.0
"Oswald, Stephen S.",male,1951,U.S.,3,pilot,1993,STS-67,222.0
"Oswald, Stephen S.",male,1951,U.S.,3,commander,1995,STS-42,399.0
"Readdy, William F.",male,1952,U.S.,3,MSP,1992,STS-42,193.0
"Readdy, William F.",male,1952,U.S.,3,pilot,1993,STS-51,236.0
"Readdy, William F.",male,1952,U.S.,3,commander,1996,STS-79,243.0
"Bondar, Roberta Lynn",female,1945,Canada,1,PSP,1992,STS-42,193.77
"Kaleri, Aleksandr",male,1956,U.S.S.R/Russia,5,flight engineer,1992,11,3494.0
"Kaleri, Aleksandr",male,1956,U.S.S.R/Russia,5,flight engineer,1996,21,4721.0
"Kaleri, Aleksandr",male,1956,U.S.S.R/Russia,5,flight engineer,2000,28,1747.0
"Kaleri, Aleksandr",male,1956,U.S.S.R/Russia,5,flight engineer,2003,8,4674.0
"Kaleri, Aleksandr",male,1956,U.S.S.R/Russia,5,flight engineer,2010,25,3824.0
"Flade, Klaus-Dietrich",male,1952,Germany,1,MSP,1992,Soyuz TM-14/13,189.95
"Duffy, Brian",male,1953,U.S.,4,pilot,1992,STS-45,214.0
"Duffy, Brian",male,1953,U.S.,4,pilot,1993,STS-57,240.0
"Duffy, Brian",male,1953,U.S.,4,commander,1996,STS-72,214.0
"Duffy, Brian",male,1953,U.S.,4,commander,2000,STS-92,310.0
"Foale, C. Michael",male,1957,U.S.,6,MSP,1992,STS-45,214.0
"Foale, C. Michael",male,1957,U.S.,6,MSP,1993,STS-56,222.0
"Foale, C. Michael",male,1957,U.S.,6,MSP,1995,STS-63,198.5
"Foale, C. Michael",male,1957,U.S.,6,MSP,1997,23,3470.0
"Foale, C. Michael",male,1957,U.S.,6,MSP,1999,STS-103,191.0
"Foale, C. Michael",male,1957,U.S.,6,commander,2003,8,4674.5
"Frimout, David",male,1941,Belgium,1,PSP,1992,STS-45,214.15
"Chilton, Kevin P.",male,1954,U.S.,3,pilot,1992,STS-49,213.0
"Chilton, Kevin P.",male,1954,U.S.,3,pilot,1994,STS-59,270.0
"Chilton, Kevin P.",male,1954,U.S.,3,commander,1996,STS-76,221.0
"Bowersox, Kenneth D.",male,1956,U.S.,5,pilot,1992,STS-50,331.0
"Bowersox, Kenneth D.",male,1956,U.S.,5,pilot,1993,STS-61,260.0
"Bowersox, Kenneth D.",male,1956,U.S.,5,commander,1995,STS-73,382.0
"Bowersox, Kenneth D.",male,1956,U.S.,5,commander,1997,STS-82,239.0
"Bowersox, Kenneth D.",male,1956,U.S.,5,commander,2002,6,3865.0
"DeLucas, Lawrence James",male,1950,U.S.,1,PSP,1992,STS-50,331.53
"Trinh, Eugene Huu-Chau",male,1950,U.S.,1,PSP,1992,STS-50,331.53
"Avdeyev, Sergei",male,1956,U.S.S.R/Russia,3,flight engineer,1993,12,4533.0
"Avdeyev, Sergei",male,1956,U.S.S.R/Russia,3,flight engineer,1995,20,4297.0
"Avdeyev, Sergei",male,1956,U.S.S.R/Russia,3,flight engineer,1998,26,9110.0
"Tognini, Michel",male,1949,France,2,MSP,1992,Antares,331.0
"Tognini, Michel",male,1949,France,2,MSP,1999,STS-93,118.8
"Allen, Andrew M.",male,1955,U.S.,3,pilot,1992,STS-46,191.0
"Allen, Andrew M.",male,1955,U.S.,3,pilot,1994,STS-62,335.0
"Allen, Andrew M.",male,1955,U.S.,3,commander,1996,STS-75,378.0
"Nicollier, Claude",male,1944,Switzerland,4,PSP,1992,STS-46,191.25
"Nicollier, Claude",male,1944,Switzerland,4,PSP,1993,STS-61-A,259.97
"Nicollier, Claude",male,1944,Switzerland,4,MSP,1996,STS-75,541.67
"Nicollier, Claude",male,1944,Switzerland,4,MSP,1999,STS-103,191.18
Franco Malerba,male,1946,Italy,1,PSP,1992,sts-46,191.25
"Brown, Curtis L., Jr.",male,1956,U.S.,6,pilot,1992,STS-47,190.5
"Brown, Curtis L., Jr.",male,1956,U.S.,6,pilot,1994,STS-66,262.5
"Brown, Curtis L., Jr.",male,1956,U.S.,6,pilot,1996,STS-77,240.5
"Brown, Curtis L., Jr.",male,1956,U.S.,6,commander,1997,STS-85,284.5
"Brown, Curtis L., Jr.",male,1956,U.S.,6,commander,1998,STS-95,213.5
"Brown, Curtis L., Jr.",male,1956,U.S.,6,commander,1999,STS-103,191.0
"Davis, Nancy Jan",female,1953,U.S.,3,MSP,1992,STS-47,190.5
"Davis, Nancy Jan",female,1953,U.S.,3,MSP,1994,STS-60,199.0
"Davis, Nancy Jan",female,1953,U.S.,3,MSP,1997,STS-85,284.0
"Jemison, Mae C.",female,1956,U.S.,1,MSP,1992,STS-47,190.5
"Mohri, Mamoru",male,1948,Japan,2,PSP,1992,STS-47,190.5
"Mohri, Mamoru",male,1948,Japan,2,MSP,2000,STS-99,269.7
Steven MacLean,male,1954,Canada,2,PSP,1992,STS-52,236.93
Steven MacLean,male,1954,Canada,2,MSP,2006,STS-115,283.1
"Clifford, Michael R.",male,1952,U.S.,3,MSP,1992,STS-53,175.0
"Clifford, Michael R.",male,1952,U.S.,3,MSP,1994,STS-59,270.0
"Clifford, Michael R.",male,1952,U.S.,3,MSP,1996,STS-76,221.0
"Helms, Susan J.",female,1958,U.S.,5,MSP,1993,STS-54,143.0
"Helms, Susan J.",female,1958,U.S.,5,MSP,1994,STS-64,262.0
"Helms, Susan J.",female,1958,U.S.,5,MSP,1996,STS-78,405.0
"Helms, Susan J.",female,1958,U.S.,5,MSP,2000,STS-101,237.0
"Helms, Susan J.",female,1958,U.S.,5,flight engineer,2001,2,4007.0
"Poleshchuk, Aleksandr",male,1953,U.S.S.R/Russia,1,flight engineer,1993,13,4296.0
"Cockrell, Kenneth D.",male,1950,U.S.,5,MSP,1993,STS-56,222.0
"Cockrell, Kenneth D.",male,1950,U.S.,5,pilot,1995,STS-69,260.5
"Cockrell, Kenneth D.",male,1950,U.S.,5,commander,1996,STS-80,424.0
"Cockrell, Kenneth D.",male,1950,U.S.,5,commander,2001,STS-98,309.0
"Cockrell, Kenneth D.",male,1950,U.S.,5,commander,2002,STS-111,333.0
"Ochoa, Ellen",female,1958,U.S.,4,MSP,1993,STS-56,222.0
"Ochoa, Ellen",female,1958,U.S.,4,MSP,1994,STS-66,263.0
"Ochoa, Ellen",female,1958,U.S.,4,MSP,1999,STS-96,235.0
"Ochoa, Ellen",female,1958,U.S.,4,MSP,2002,STS-110,260.0
"Precourt, Charles J., Jr.",male,1955,U.S.,4,MSP,1993,STS-55,240.0
"Precourt, Charles J., Jr.",male,1955,U.S.,4,pilot,1995,STS-71,235.0
"Precourt, Charles J., Jr.",male,1955,U.S.,4,commander,1997,STS-84,221.0
"Precourt, Charles J., Jr.",male,1955,U.S.,4,commander,1998,STS-91,235.0
"Harris, Bernard A., Jr.",male,1956,U.S.,2,MSP,1993,STS-55,239.0
"Harris, Bernard A., Jr.",male,1956,U.S.,2,MSP,1995,STS-63,198.0
"Walter, Ulrich",male,1954,Germany,1,PSP,1993,STS-55,239.67
"Schlegel, Hans",male,1951,Germany,2,PSP,1993,STS-55,240.0
"Schlegel, Hans",male,1951,Germany,2,MSP,2008,STS-122,306.0
"Currie, Nancy J.",female,1958,U.S.,4,MSP,1993,STS-57,240.0
"Currie, Nancy J.",female,1958,U.S.,4,MSP,1995,STS-70,214.0
"Currie, Nancy J.",female,1958,U.S.,4,MSP,1998,STS-88,283.0
"Currie, Nancy J.",female,1958,U.S.,4,MSP,2002,STS-109,262.0
"Wisoff, Peter J. K.",male,1958,U.S.,4,MSP,1993,STS-57,239.0
"Wisoff, Peter J. K.",male,1958,U.S.,4,MSP,1994,STS-68,269.0
"Wisoff, Peter J. K.",male,1958,U.S.,4,MSP,1997,STS-81,240.0
"Wisoff, Peter J. K.",male,1958,U.S.,4,MSP,2000,STS-92,309.0
"Voss, Janice E.",female,1956,U.S.,5,MSP,1993,STS-57,239.73
"Voss, Janice E.",female,1956,U.S.,5,MSP,1995,STS-63,198.47
"Voss, Janice E.",female,1956,U.S.,5,MSP,1997,STS-83,95.21
"Voss, Janice E.",female,1956,U.S.,5,MSP,1997,STS-94,396.8
"Voss, Janice E.",female,1956,U.S.,5,MSP,2000,STS-99,269.6
"Tsibliyev, Vasili",male,1954,U.S.S.R/Russia,2,commander,1993,14,4721.0
"Tsibliyev, Vasili",male,1954,U.S.S.R/Russia,2,commander,1997,23,4438.0
"Haigner, Jean-Pierre",male,1948,France,2,MSP,1993,Soyuz TM-17 / Soyuz TM-16,496.0
"Haigner, Jean-Pierre",male,1948,France,2,flight engineer,1999,27,4532.0
"Newman, James H.",male,1956,U.S.,4,MSP,1993,STS-51,236.0
"Newman, James H.",male,1956,U.S.,4,MSP,1995,STS-69,260.0
"Newman, James H.",male,1956,U.S.,4,MSP,1998,STS-88,283.0
"Newman, James H.",male,1956,U.S.,4,MSP,2002,STS-109,262.0
"Bursch, Daniel W.",male,1957,U.S.,4,MSP,1993,STS-51,236.0
"Bursch, Daniel W.",male,1957,U.S.,4,MSP,1994,STS-68,169.0
"Bursch, Daniel W.",male,1957,U.S.,4,MSP,1996,STS-77,241.0
"Bursch, Daniel W.",male,1957,U.S.,4,flight engineer,2001,4,4802.0
"Walz, Carl E.",male,1955,U.S.,4,MSP,1993,STS-51,236.18
"Walz, Carl E.",male,1955,U.S.,4,MSP,1994,STS-65,360.0
"Walz, Carl E.",male,1955,U.S.,4,MSP,1996,STS-79,243.0
"Walz, Carl E.",male,1955,U.S.,4,MSP,2001,4,4704.0
"Searfoss, Richard A.",male,1956,U.S.,3,pilot,1993,STS-58,338.0
"Searfoss, Richard A.",male,1956,U.S.,3,pilot,1996,STS-76,216.0
"Searfoss, Richard A.",male,1956,U.S.,3,commander,1998,STS-90,384.0
"McArthur, William S., Jr.",male,1951,U.S.,4,MSP,1993,STS-58,336.0
"McArthur, William S., Jr.",male,1951,U.S.,4,MSP,1995,STS-74,196.0
"McArthur, William S., Jr.",male,1951,U.S.,4,MSP,2000,STS-92,309.0
"McArthur, William S., Jr.",male,1951,U.S.,4,flight engineer,2006,12,4555.0
"Wolf, David A.",male,1956,U.S.,4,MSP,1993,STS-58,336.0
"Wolf, David A.",male,1956,U.S.,4,MSP,1997,24,3072.0
"Wolf, David A.",male,1956,U.S.,4,MSP,2002,STS-112,259.0
"Wolf, David A.",male,1956,U.S.,4,MSP,2009,STS-127,376.0
"Fettman, Martin Joseph",male,1956,U.S.,1,PSP,1993,STS-58,336.47
Yuri Vladimirovich Usachyov,male,1957,U.S.S.R/Russia,4,flight engineer,1994,Mir EO-15,4368.45
Yuri Vladimirovich Usachyov,male,1957,U.S.S.R/Russia,4,flight engineer,1996,Mir EO-21,4651.12
Yuri Vladimirovich Usachyov,male,1957,U.S.S.R/Russia,4,MSP,2000,STS 101,236.17
Yuri Vladimirovich Usachyov,male,1957,U.S.S.R/Russia,4,commander,2001,2,4014.68
"Sega, Ronald M.",male,1952,U.S.,2,MSP,1994,STS-60,199.0
"Sega, Ronald M.",male,1952,U.S.,2,MSP,1996,STS-76,221.0
"Jones, Thomas D.",male,1955,U.S.,4,MSP,1994,STS-59,269.0
"Jones, Thomas D.",male,1955,U.S.,4,MSP,1994,STS-68,269.0
"Jones, Thomas D.",male,1955,U.S.,4,MSP,1996,STS-80,423.0
"Jones, Thomas D.",male,1955,U.S.,4,MSP,2001,STS-98,309.0
"Malenchenko, Yuri",male,1961,U.S.S.R/Russia,6,commander,1994,16,3022.0
"Malenchenko, Yuri",male,1961,U.S.S.R/Russia,6,Flight engineer,2000,STS106,283.0
"Malenchenko, Yuri",male,1961,U.S.S.R/Russia,6,commander,2003,7,4438.0
"Malenchenko, Yuri",male,1961,U.S.S.R/Russia,6,commander,2007,16,4603.0
"Malenchenko, Yuri",male,1961,U.S.S.R/Russia,6,commander,2012,32,3047.0
"Malenchenko, Yuri",male,1961,U.S.S.R/Russia,6,commander,2015,46,1477.0
"Musabayev, Talgat",male,1951,U.S.S.R/Russia,3,flight engineer,1994,16,3002.0
"Musabayev, Talgat",male,1951,U.S.S.R/Russia,3,commander,1998,25,4980.0
"Musabayev, Talgat",male,1951,U.S.S.R/Russia,3,commander,2001,Soyuz TM32/31,190.0
"Halsell, James D., Jr.",male,1956,U.S.,5,pilot,1994,STS-65,353.0
"Halsell, James D., Jr.",male,1956,U.S.,5,pilot,1995,STS-74,196.0
"Halsell, James D., Jr.",male,1956,U.S.,5,commander,1997,STS-83,95.0
"Halsell, James D., Jr.",male,1956,U.S.,5,commander,1997,STS-94,376.0
"Halsell, James D., Jr.",male,1956,U.S.,5,commander,2000,STS-101,237.0
"Chiao, Leroy",male,1960,U.S.,4,MSP,1994,STS-65,354.0
"Chiao, Leroy",male,1960,U.S.,4,MSP,1996,STS-72,214.0
"Chiao, Leroy",male,1960,U.S.,4,MSP,2000,STS-92,310.0
"Chiao, Leroy",male,1960,U.S.,4,commander,2004,10,4627.0
"Thomas, Donald A.",male,1955,U.S.,4,MSP,1994,STS-65,353.0
"Thomas, Donald A.",male,1955,U.S.,4,MSP,1995,STS-70,214.0
"Thomas, Donald A.",male,1955,U.S.,4,MSP,1997,STS-83,95.0
"Thomas, Donald A.",male,1955,U.S.,4,MSP,1997,STS-94,376.0
"Mukai, Chiaki",female,1952,Japan,2,PSP,1994,STS-65,354.0
"Mukai, Chiaki",female,1952,Japan,2,PSP,1998,STS-95,214.0
"Linenger, Jerry M.",male,1955,U.S.,2,MSP,1994,STS-64,262.0
"Linenger, Jerry M.",male,1955,U.S.,2,MSP,1997,22,3172.0
"Wilcutt, Terrence W.",male,1949,U.S.,4,pilot,1994,STS-68,269.0
"Wilcutt, Terrence W.",male,1949,U.S.,4,pilot,1996,STS-79,243.0
"Wilcutt, Terrence W.",male,1949,U.S.,4,commander,1998,STS-89,211.0
"Wilcutt, Terrence W.",male,1949,U.S.,4,commander,2000,STS-106,283.0
"Smith, Steven L.",male,1958,U.S.,4,MSP,1994,STS-68,264.0
"Smith, Steven L.",male,1958,U.S.,4,MSP,1997,STS-82,240.0
"Smith, Steven L.",male,1958,U.S.,4,MSP,1999,STS-103,192.0
"Smith, Steven L.",male,1958,U.S.,4,MSP,2002,STS-110,264.0
"Kondakova, Yelena V.",female,1957,U.S.S.R/Russia,2,flight engineer,1994,17,4061.0
"Kondakova, Yelena V.",female,1957,U.S.S.R/Russia,2,MSP,1997,23,221.0
"Tanner, Joseph R.",male,1950,U.S.,4,MSP,1994,STS-66,262.0
"Tanner, Joseph R.",male,1950,U.S.,4,MSP,1997,STS-82,239.0
"Tanner, Joseph R.",male,1950,U.S.,4,MSP,2000,STS-97,259.0
"Tanner, Joseph R.",male,1950,U.S.,4,MSP,2006,STS-115,283.0
"Clervoy, Jean-Franois",male,1958,France,3,MSP,1994,STS-66,263.0
"Clervoy, Jean-Franois",male,1958,France,3,MSP,1997,STS-84,221.1
"Clervoy, Jean-Franois",male,1958,France,3,MSP,1999,STS-103,191.0
"Parazynski, Scott E.",male,1961,U.S.,5,MSP,1994,STS-66,262.0
"Parazynski, Scott E.",male,1961,U.S.,5,MSP,1997,STS-86,259.0
"Parazynski, Scott E.",male,1961,U.S.,5,MSP,1998,STS-95,213.0
"Parazynski, Scott E.",male,1961,U.S.,5,MSP,2001,STS-100,283.0
"Parazynski, Scott E.",male,1961,U.S.,5,MSP,2007,STS-120,362.0
"Collins, Eileen M.",female,1956,U.S.,4,pilot,1995,STS-63,198.5
"Collins, Eileen M.",female,1956,U.S.,4,pilot,1997,STS-84,120.0
"Collins, Eileen M.",female,1956,U.S.,4,commander,1999,STS-93,119.0
"Collins, Eileen M.",female,1956,U.S.,4,commander,2005,STS-114,333.0
"Gregory, William G.",male,1957,U.S.,1,pilot,1995,STS-67,399.0
"Grunsfeld, John M.",male,1958,U.S.,5,MSP,1995,STS-67,399.0
"Grunsfeld, John M.",male,1958,U.S.,5,MSP,1997,STS-81,244.0
"Grunsfeld, John M.",male,1958,U.S.,5,MSP,1999,STS-103,191.0
"Grunsfeld, John M.",male,1958,U.S.,5,MSP,2002,STS-109,262.0
"Grunsfeld, John M.",male,1958,U.S.,5,MSP,2009,STS-125,309.0
"Lawrence, Wendy B.",female,1959,U.S.,4,MSP,1995,STS-67,399.0
"Lawrence, Wendy B.",female,1959,U.S.,4,MSP,1997,STS-86,259.0
"Lawrence, Wendy B.",female,1959,U.S.,4,MSP,1998,STS-91,235.0
"Lawrence, Wendy B.",female,1959,U.S.,4,MSP,2005,STS-114,333.0
"Dezhurov, Vladimir N.",male,1962,U.S.S.R/Russia,2,commander,1995,18,2768.0
"Dezhurov, Vladimir N.",male,1962,U.S.S.R/Russia,2,commander,2001,3,3092.0
"Budarin, Nikolai",male,1953,U.S.S.R/Russia,3,flight engineer,1995,19,1811.0
"Budarin, Nikolai",male,1953,U.S.S.R/Russia,3,flight engineer,1998,25,4980.0
"Budarin, Nikolai",male,1953,U.S.S.R/Russia,3,flight engineer,2002,6,3865.0
Kregel Kevin R.,male,1956,U.S.,4,pilot,1995,STS-70,214.0
Kregel Kevin R.,male,1956,U.S.,4,pilot,1996,STS-78,405.0
Kregel Kevin R.,male,1956,U.S.,4,commander,1997,STS-87,376.0
Kregel Kevin R.,male,1956,U.S.,4,commander,2000,STS-99,269.0
"Weber, Mary E.",female,1962,U.S.,2,MSP,1995,STS-70,236.0
"Weber, Mary E.",female,1962,U.S.,2,MSP,2000,STS-101,214.0
"Gidzenko, Yuri",male,1962,U.S.S.R/Russia,3,commander,1995,20,4297.0
"Gidzenko, Yuri",male,1962,U.S.S.R/Russia,3,commander,2000,1,3383.0
"Gidzenko, Yuri",male,1962,U.S.S.R/Russia,3,commander,2002,Soyuz  3,237.0
"Reiter, Thomas",male,1958,Germany,2,flight engineer,1995,20,4297.6
"Reiter, Thomas",male,1958,Germany,2,flight engineer,2006,13,4108.0
"Gernhardt, Michael L.",male,1956,U.S.,4,MSP,1995,STS-69,260.5
"Gernhardt, Michael L.",male,1956,U.S.,4,MSP,1997,STS-83,95.2
"Gernhardt, Michael L.",male,1956,U.S.,4,MSP,1997,STS-94,376.75
"Gernhardt, Michael L.",male,1956,U.S.,4,MSP,2001,STS-104,306.6
"Rominger, Kent V.",male,1956,U.S.,5,pilot,1995,STS-73,381.0
"Rominger, Kent V.",male,1956,U.S.,5,pilot,1996,STS-80,423.0
"Rominger, Kent V.",male,1956,U.S.,5,pilot,1997,STS-85,55.0
"Rominger, Kent V.",male,1956,U.S.,5,commander,1999,STS-96,235.0
"Rominger, Kent V.",male,1956,U.S.,5,commander,2001,STS-100,285.0
"Coleman, Catherine G.",female,1960,U.S.,3,MSP,1995,STS-73,382.0
"Coleman, Catherine G.",female,1960,U.S.,3,MSP,1999,STS-93,119.0
"Coleman, Catherine G.",female,1960,U.S.,3,flight engineer,2011,26,3823.0
"Lopez-Alegria, Michael E.",male,1958,U.S.,4,MSP,1995,STS-73,381.0
"Lopez-Alegria, Michael E.",male,1958,U.S.,4,MSP,2000,STS-92,309.0
"Lopez-Alegria, Michael E.",male,1958,U.S.,4,MSP,2002,STS-113,330.0
"Lopez-Alegria, Michael E.",male,1958,U.S.,4,flight engineer,2007,14,5168.0
"Leslie, Fred Weldon",male,1951,U.S.,1,PSP,1995,STS-73,382.02
"Sacco, Albert Jr.",male,1949,U.S.,1,PSP,1995,STS-73,382.02
Chris Hadfield,male,1959,Canada,3,pilot,1995,STS-74,196.5
Chris Hadfield,male,1959,Canada,3,pilot,2001,STS-100,285.5
Chris Hadfield,male,1959,Canada,3,pilot,2012,34,3710.32
"Jett, Brent W.",male,1958,U.S.,4,pilot,1996,STS-72,214.0
"Jett, Brent W.",male,1958,U.S.,4,pilot,1997,STS-81,244.0
"Jett, Brent W.",male,1958,U.S.,4,commander,2000,STS-97,259.0
"Jett, Brent W.",male,1958,U.S.,4,commander,2006,STS-115,283.0
"Scott, Winston E.",male,1950,U.S.,2,MSP,1996,STS-72,214.0
"Scott, Winston E.",male,1950,U.S.,2,MSP,1997,STS-87,376.0
"Wakata, Koichi",male,1963,Japan,4,MSP,1996,STS-72,214.0
"Wakata, Koichi",male,1963,Japan,4,MSP,2000,STS-92,309.75
"Wakata, Koichi",male,1963,Japan,4,flight engineer,2009,18,3303.0
"Wakata, Koichi",male,1963,Japan,4,commander,2013,38,4509.75
"Barry, Daniel T.",male,1953,U.S.,3,MSP,1996,STS-72,214.0
"Barry, Daniel T.",male,1953,U.S.,3,MSP,1999,STS-96,235.0
"Barry, Daniel T.",male,1953,U.S.,3,MSP,2001,STS-105,285.0
"Onufrienko, Yuri",male,1961,U.S.S.R/Russia,2,commander,1996,21,4651.0
"Onufrienko, Yuri",male,1961,U.S.S.R/Russia,2,commander,2001,4,4699.0
"Horowitz, Scott J.",male,1957,U.S.,4,pilot,1996,STS-75,378.0
"Horowitz, Scott J.",male,1957,U.S.,4,pilot,1997,STS-82,277.0
"Horowitz, Scott J.",male,1957,U.S.,4,pilot,2000,STS-101,237.0
"Horowitz, Scott J.",male,1957,U.S.,4,commander,2001,STS-105,285.0
"Cheli, Maurizio",male,1959,Italy,1,MSP,1996,STS-75,377.68
"Guidoni, Umberto",male,1954,Italy,2,MSP,1996,STS-75,377.67
"Guidoni, Umberto",male,1954,Italy,2,MSP,2001,STS-100,285.5
"Thomas, Andrew S. W.",male,1951,Australia,4,MSP,1983,STS-77,240.0
"Thomas, Andrew S. W.",male,1951,Australia,4,MSP,1998,24,3384.0
"Thomas, Andrew S. W.",male,1951,Australia,4,MSP,2001,STS-102,307.0
"Thomas, Andrew S. W.",male,1951,Australia,4,MSP,2005,STS-114,333.0
"Linnehan, Richard M.",male,1957,U.S.,4,MSP,1996,STS-78,405.0
"Linnehan, Richard M.",male,1957,U.S.,4,MSP,1998,STS-90,382.0
"Linnehan, Richard M.",male,1957,U.S.,4,MSP,2002,STS-109,262.0
"Linnehan, Richard M.",male,1957,U.S.,4,MSP,2008,STS-123,378.0
"Brady, Charles E., Jr.",male,1951,U.S.,1,MSP,1996,STS-78,405.0
"Favier, Jean-Jacques",male,1949,France,1,PSP,1996,STS-78,405.8
Robert Thirsk,male,1953,Canada,2,MSP,1996,STS-78,405.8
Robert Thirsk,male,1953,Canada,2,flight engineer,2009,20,4512.0
"Korzun, Valery",male,1953,U.S.S.R/Russia,2,commander,1996,22,4721.0
"Korzun, Valery",male,1953,U.S.S.R/Russia,2,commander,2002,5,4438.0
"Andr-Deshays, Claudie (Haigner)",female,1957,France,2,MSP,1996,Soyuz TM-24/23,378.4
"Andr-Deshays, Claudie (Haigner)",female,1957,France,2,flight engineer,2001,Soyuz TM-33/32,236.0
"Lazutkin, Aleksandr",male,1957,U.S.S.R/Russia,1,flight engineer,1997,23,4438.0
"Ewald, Reinhold",male,1956,Germany,1,MSP,1997,Soyuz TM-25/24,472.57
"Kilrain-Still, Susan L.",female,1961,U.S.,2,pilot,1997,STS-83,95.0
"Kilrain-Still, Susan L.",female,1961,U.S.,2,pilot,1997,STS-94,376.0
"Crouch, Roger Keith",male,1940,U.S.,2,PSP,1997,STS-83,95.54
"Crouch, Roger Keith",male,1940,U.S.,2,PSP,1997,STS-94,377.01
"Linteris, Gregory Thomas",male,1957,U.S.,2,PSP,1997,STS-83,95.54
"Linteris, Gregory Thomas",male,1957,U.S.,2,PSP,1997,STS-94,377.01
"Noriega, Carlos I.",male,1959,U.S.,2,MSP,1997,STS-84,221.0
"Noriega, Carlos I.",male,1959,U.S.,2,MSP,2000,STS-97,260.0
"Lu, Edward T.",male,1963,U.S.,3,MSP,1997,STS-84,221.0
"Lu, Edward T.",male,1963,U.S.,3,MSP,2000,STS-106,283.0
"Lu, Edward T.",male,1963,U.S.,3,flight engineer,2003,7,4439.0
"Vinogradov, Pavel",male,1953,U.S.S.R/Russia,3,flight engineer,1997,24,4745.0
"Vinogradov, Pavel",male,1953,U.S.S.R/Russia,3,commander,2006,13,4390.0
"Vinogradov, Pavel",male,1953,U.S.S.R/Russia,3,commander,2013,35,3990.0
"Curbeam, Robert L., Jr.",male,1962,U.S.,3,MSP,1997,STS-85,284.0
"Curbeam, Robert L., Jr.",male,1962,U.S.,3,MSP,2001,STS-98,309.0
"Curbeam, Robert L., Jr.",male,1962,U.S.,3,MSP,2006,STS-116,309.0
"Robinson, Stephen K.",male,1955,U.S.,4,MSP,1997,STS-85,284.0
"Robinson, Stephen K.",male,1955,U.S.,4,MSP,1998,STS-95,213.0
"Robinson, Stephen K.",male,1955,U.S.,4,MSP,2005,STS-114,333.0
"Robinson, Stephen K.",male,1955,U.S.,4,MSP,2010,STS-130,330.0
Bjarni Tryggvason,male,1945,Canada,1,PSP,1997,STS-85,284.0
"Bloomfield, Michael J.",male,1959,U.S.,3,pilot,1997,STS-86,259.0
"Bloomfield, Michael J.",male,1959,U.S.,3,pilot,2000,STS-97,260.0
"Bloomfield, Michael J.",male,1959,U.S.,3,commander,2002,STS-110,260.0
"Lindsey, Steven W.",male,1960,U.S.,5,pilot,1997,STS-87,376.0
"Lindsey, Steven W.",male,1960,U.S.,5,pilot,1998,STS-95,213.0
"Lindsey, Steven W.",male,1960,U.S.,5,commander,2002,STS-104,306.0
"Lindsey, Steven W.",male,1960,U.S.,5,commander,2006,STS-121,306.0
"Lindsey, Steven W.",male,1960,U.S.,5,commander,2011,STS-133,307.0
"Chawla, Kalpana",female,1962,U.S.,2,MSP,1997,STS-87,376.0
"Chawla, Kalpana",female,1962,U.S.,2,MSP,2003,STS-107,382.0
"Doi, Takao",male,1954,Japan,2,MSP,1997,STS-87,376.5
"Doi, Takao",male,1954,Japan,2,MSP,2008,STS-123,378.3
"Kadenyuk, Leonid",male,1951,U.S.S.R/Ukraine,1,pilot,1997,STS87,376.0
"Edwards, Joe F., Jr.",male,1958,U.S.,1,pilot,1998,STS-89,211.0
"Reilly, James F.",male,1954,U.S.,3,MSP,1998,STS-89,211.0
"Reilly, James F.",male,1954,U.S.,3,MSP,2001,STS-104,306.0
"Reilly, James F.",male,1954,U.S.,3,MSP,2007,STS-117,336.0
"Anderson, Michael P.",male,1959,U.S.,2,MSP,1998,STS-89,211.0
"Anderson, Michael P.",male,1959,U.S.,2,MSP,2003,STS-107,382.0
"Sharipov, Salizhan",male,1964,U.S.S.R/Russia,2,Flight engineer,1998,24,211.0
"Sharipov, Salizhan",male,1964,U.S.S.R/Russia,2,commander,2004,10,4627.0
"Eyharts, Lopold",male,1957,France,2,MSP,1998,Soyuz TM-27/26,496.5
"Eyharts, Lopold",male,1957,France,2,flight engineer,2008,16,1157.0
"Altman, Scott D.",male,1959,U.S.,4,pilot,1998,STS-90,382.0
"Altman, Scott D.",male,1959,U.S.,4,pilot,2000,STS-106,283.0
"Altman, Scott D.",male,1959,U.S.,4,commander,2002,STS-109,262.0
"Altman, Scott D.",male,1959,U.S.,4,commander,2009,STS-125,309.0
"Hire, Kathryn P.",female,1959,U.S.,2,MSP,1998,STS-90,381.0
"Hire, Kathryn P.",female,1959,U.S.,2,MSP,2010,STS-130,330.0
"Williams, Dafydd Rhys",male,1954,Canada,2,MSP,1998,STS-90,381.85
"Williams, Dafydd Rhys",male,1954,Canada,2,MSP,2007,STS-118,305.0
"Buckey, Jay Clark Jr.",male,1956,U.S.,1,PSP,1998,STS-90,382.31
"Pawelczyk, James Anthony",male,1960,U.S.,1,PSP,1998,STS-90,382.31
"Gorie, Dominic L.",male,1957,U.S.,4,pilot,1998,STS-91,235.0
"Gorie, Dominic L.",male,1957,U.S.,4,pilot,2000,STS-99,269.0
"Gorie, Dominic L.",male,1957,U.S.,4,commander,2001,STS-108,283.0
"Gorie, Dominic L.",male,1957,U.S.,4,commander,2008,STS-123,378.0
"Kavandi, Janet L.",female,1957,U.S.,3,MSP,1998,STS-91,235.0
"Kavandi, Janet L.",female,1957,U.S.,3,MSP,2000,STS-99,269.0
"Kavandi, Janet L.",female,1957,U.S.,3,MSP,2001,STS-104,306.0
"Padalka, Gennady",male,1958,U.S.S.R/Russia,5,commander,1998,26,4768.0
"Padalka, Gennady",male,1958,U.S.S.R/Russia,5,commander,2004,9,4509.0
"Padalka, Gennady",male,1958,U.S.S.R/Russia,5,commander,2009,19,4768.0
"Padalka, Gennady",male,1958,U.S.S.R/Russia,5,commander,2012,31,2999.0
"Padalka, Gennady",male,1958,U.S.S.R/Russia,5,commander,2015,43,4037.0
"Baturin, Yuri",male,1949,U.S.S.R/Russia,2,MSP,1998,26,283.0
"Duque, Pedro",male,1963,Spain,2,flight engineer,1998,STS-95,213.73
"Baturin, Yuri",male,1949,U.S.S.R/Russia,2,MSP,2001,Soyuz TM32/31,190.0
"Duque, Pedro",male,1963,Spain,2,flight engineer,2003,Soyuz TMA-3/2,237.03
"Sturckow, Frederick W.",male,1961,U.S.,4,pilot,1998,STS-88,283.0
"Sturckow, Frederick W.",male,1961,U.S.,4,pilot,2001,STS-105,285.0
"Sturckow, Frederick W.",male,1961,U.S.,4,commander,2007,STS-117,336.0
"Sturckow, Frederick W.",male,1961,U.S.,4,commander,2009,STS-128,333.0
"Bella, Ivan",male,1964,Slovakia,1,MSP,1999,27,190.0
"Husband, Rick D.",male,1957,U.S.,2,pilot,1999,STS-96,235.0
"Husband, Rick D.",male,1957,U.S.,2,commander,2003,STS-107,382.0
"Payette, Julie",female,1963,Canada,2,MSP,1999,STS-96,235.23
"Payette, Julie",female,1963,Canada,2,MSP,2009,STS-127,376.75
"Tokarev, Valeri",male,1952,U.S.S.R/Russia,2,Flight engineer,1999,STS96,235.0
"Tokarev, Valeri",male,1952,U.S.S.R/Russia,2,MSP,2005,12,4555.0
"Ashby, Jeffrey S.",male,1954,U.S.,3,pilot,1999,STS-93,119.0
"Ashby, Jeffrey S.",male,1954,U.S.,3,pilot,2001,STS-100,285.5
"Ashby, Jeffrey S.",male,1954,U.S.,3,commander,2002,STS-112,260.0
"Kelly, Scott J.",male,1964,U.S.,4,pilot,1999,STS-103,191.0
"Kelly, Scott J.",male,1964,U.S.,4,commander,2007,STS-118,305.0
"Kelly, Scott J.",male,1964,U.S.,4,flight engineer,2011,25,3825.0
"Kelly, Scott J.",male,1964,U.S.,4,flight engineer,2015,43,8163.0
"Thiele, Gerhard",male,1953,Germany,1,MSP,2000,STS-99,269.65
"Zalyotin, Sergei",male,1962,U.S.S.R/Russia,2,commander,2000,28,1747.0
"Zalyotin, Sergei",male,1962,U.S.S.R/Russia,2,commander,2002,Soyuz TMA1/TM34,260.0
"Williams, Jeffrey N.",male,1958,U.S.,4,MSP,2000,STS-101,240.0
"Williams, Jeffrey N.",male,1958,U.S.,4,flight engineer,2006,13,4320.0
"Williams, Jeffrey N.",male,1958,U.S.,4,flight engineer,2010,21,4060.0
"Williams, Jeffrey N.",male,1958,U.S.,4,flight engineer,2016,47,4132.0
"Mastracchio, Richard A.",male,1960,U.S.,4,MSP,2000,STS-106,283.0
"Mastracchio, Richard A.",male,1960,U.S.,4,MSP,2007,STS-118,306.0
"Mastracchio, Richard A.",male,1960,U.S.,4,MSP,2010,STS-131,362.0
"Mastracchio, Richard A.",male,1960,U.S.,4,flight engineer,2014,38,4509.0
"Burbank, Daniel C.",male,1961,U.S.,3,MSP,2000,STS-106,283.0
"Burbank, Daniel C.",male,1961,U.S.,3,MSP,2006,STS-115,283.0
"Burbank, Daniel C.",male,1961,U.S.,3,commander,2011,29,3968.0
"Morukov, Boris",male,1950,U.S.S.R/Russia,1,Flight engineer,2000,STS106,283.0
"Melroy, Pamela A.",female,1961,U.S.,3,pilot,2000,STS-92,309.0
"Melroy, Pamela A.",female,1961,U.S.,3,pilot,2002,STS-112,259.0
"Melroy, Pamela A.",female,1961,U.S.,3,commander,2007,STS-120,362.0
"Polansky, Mark L.",male,1956,U.S.,3,pilot,2001,STS-98,309.0
"Polansky, Mark L.",male,1956,U.S.,3,commander,2006,STS-116,308.0
"Polansky, Mark L.",male,1956,U.S.,3,commander,2009,STS-127,377.0
"Kelly, James M.",male,1959,U.S.,2,pilot,2001,STS-102,307.0
"Kelly, James M.",male,1959,U.S.,2,pilot,2005,STS-114,333.0
"Richards, Paul W.",male,1964,U.S.,1,MSP,2001,STS-102,307.0
"Phillips, John L.",male,1951,U.S.,3,MSP,2001,STS-100,285.0
"Phillips, John L.",male,1951,U.S.,3,flight engineer,2005,11,4296.0
"Phillips, John L.",male,1951,U.S.,3,MSP,2009,STS-119,307.5
"Lonchakov, Yuri",male,1965,U.S.S.R/Russia,3,MSP,2001,STS100,285.0
"Lonchakov, Yuri",male,1965,U.S.S.R/Russia,3,flight engineer,2002,Soyuz TMA1/TM34,260.0
"Lonchakov, Yuri",male,1965,U.S.S.R/Russia,3,commander,2008,18,4272.0
"Tito, Dennis Anthony",male,1940,U.S.,1,Other (space tourist),2001,-1,190.13
"Hobaugh, Charles O.",male,1961,U.S.,3,pilot,2001,STS-104,306.0
"Hobaugh, Charles O.",male,1961,U.S.,3,pilot,2007,STS-118,305.0
"Hobaugh, Charles O.",male,1961,U.S.,3,commander,2009,STS-129,259.0
"Forrester, Patrick G.",male,1957,U.S.,3,MSP,2001,STS-105,285.0
"Forrester, Patrick G.",male,1957,U.S.,3,MSP,2007,STS-117,332.0
"Forrester, Patrick G.",male,1957,U.S.,3,MSP,2009,STS-128,333.0
"Tyurin, Mikhail",male,1960,U.S.S.R/Russia,3,flight engineer,2001,3,3092.0
"Tyurin, Mikhail",male,1960,U.S.S.R/Russia,3,flight engineer,2006,14,5168.0
"Tyurin, Mikhail",male,1960,U.S.S.R/Russia,3,commander,2013,38,4509.0
"Kozeyev, Konstantin",male,1967,U.S.S.R/Russia,1,flight engineer,2001,Soyuz TM33/32,235.0
"Kelly, Mark E.",male,1964,U.S.,4,pilot,2001,STS-108,283.0
"Kelly, Mark E.",male,1964,U.S.,4,pilot,2006,STS-121,307.0
"Kelly, Mark E.",male,1964,U.S.,4,commander,2008,STS-124,330.0
"Kelly, Mark E.",male,1964,U.S.,4,commander,2011,STS-134,377.0
"Tani, Daniel M.",male,1961,U.S.,2,MSP,2001,STS-108,283.0
"Tani, Daniel M.",male,1961,U.S.,2,MSP,2007,16,2880.0
"Carey, Duane G.",male,1957,U.S.,1,pilot,2002,STS-109,262.0
"Massimino, Michael J.",male,1962,U.S.,2,MSP,2002,STS-109,262.0
"Massimino, Michael J.",male,1962,U.S.,2,MSP,2009,STS-125,309.0
"Frick, Stephen N.",male,1964,U.S.,2,pilot,2002,STS-110,260.0
"Frick, Stephen N.",male,1964,U.S.,2,commander,2008,STS-122,306.0
"Walheim, Rex J.",male,1962,U.S.,3,MSP,2002,STS-110,259.0
"Walheim, Rex J.",male,1962,U.S.,3,MSP,2008,STS-122,306.0
"Walheim, Rex J.",male,1962,U.S.,3,MSP,2011,STS-135,306.5
"Morin, Lee M.",male,1952,U.S.,1,MSP,2002,STS-110,259.0
"Vittori, Roverto",male,1964,Italy,3,flight engineer,2002,Soyuz TMA-34/TM-33,237.0
"Vittori, Roverto",male,1964,Italy,3,flight engineer,2005,Soyuz TMA-6/TMA-5,237.0
"Vittori, Roverto",male,1964,Italy,3,MSP,2011,STS-134,377.65
"Shuttleworth, M. Richard",male,1973,Republic of South Africa,1,Other (Space tourist),2002,Soyuz TM-34 / Soyuz TM-33,237.0
"Lockhart, Paul S.",male,1956,U.S.,2,pilot,2002,STS-111,332.0
"Lockhart, Paul S.",male,1956,U.S.,2,pilot,2002,STS-113,330.0
"Perrin, Philippe",male,1963,France,1,MSP,2002,STS-111,332.58
"Whitson, Peggy A.",female,1960,U.S.,3,MSP,2002,5,4438.0
"Whitson, Peggy A.",female,1960,U.S.,3,flight engineer,2008,16,4603.0
"Whitson, Peggy A.",female,1960,U.S.,3,flight engineer,2016,50,6941.0
"Treshchov, Sergei",male,1958,U.S.S.R/Russia,1,flight engineer,2002,5,4438.0
"Magnus, Sandra H.",female,1964,U.S.,3,MSP,2002,STS-112,260.0
"Magnus, Sandra H.",female,1964,U.S.,3,MSP,2008,18,3210.0
"Magnus, Sandra H.",female,1964,U.S.,3,MSP,2011,STS-135,306.0
"Sellers, Piers J.",male,1955,U.K./U.S.,3,MSP,2002,STS-112,259.0
"Sellers, Piers J.",male,1955,U.K./U.S.,3,MSP,2006,STS-121,306.0
"Sellers, Piers J.",male,1955,U.K./U.S.,3,MSP,2010,STS-132,282.5
"Yurchikhin, Fyodor",male,1959,U.S.S.R/Russia,5,MSP,2002,STS112,259.0
"Yurchikhin, Fyodor",male,1959,U.S.S.R/Russia,5,flight engineer,2007,15,4721.0
"Yurchikhin, Fyodor",male,1959,U.S.S.R/Russia,5,commander,2010,24,3919.0
"Yurchikhin, Fyodor",male,1959,U.S.S.R/Russia,5,commander,2013,36,3990.0
"Yurchikhin, Fyodor",male,1959,U.S.S.R/Russia,5,commander,2017,51,3258.0
"De Winne, Frank",male,1961,Belgium,2,commander,2002,Soyuz TMA-1/TM-34,261.0
"De Winne, Frank",male,1961,Belgium,2,commander,2009,20,4508.6
"Herrington, John B.",male,1958,U.S.,1,MSP,2002,STS-113,330.0
"Pettit, Donald R.",male,1955,U.S.,3,flight engineer,2002,6,3865.0
"Pettit, Donald R.",male,1955,U.S.,3,MSP,2008,STS-126,380.5
"Pettit, Donald R.",male,1955,U.S.,3,flight engineer,2011,30,4627.0
"McCool, William C.",male,1961,U.S.,1,pilot,2003,STS-107,382.0
"Brown, David M.",male,1956,U.S.,1,MSP,2003,STS-107,382.0
"Clark, Laurel B.",female,1961,U.S.,1,MSP,2003,STS-107,382.0
"Ramon, Ilan",male,1954,Israel,1,PSP,2003,STS-107,382.33
"Yang, Liwei",male,1965,China,1,commander,2005,Shenzhou 5,21.0
"Fincke, E. Michael",male,1967,U.S.,3,flight engineer,2004,9,4501.0
"Fincke, E. Michael",male,1967,U.S.,3,commander,2009,18,4280.0
"Fincke, E. Michael",male,1967,U.S.,3,MSP,2011,STS-134,378.0
"Kuipers, Andre",male,1958,Netherland,2,flight engineer,2004,Soyuz TMA-4/TMA-3,261.0
"Kuipers, Andre",male,1958,Netherland,2,flight engineer,2012,30,4627.0
"Shargin, Yuri",male,1960,U.S.S.R/Russia,1,flight engineer,2004,Soyuz TMA5,237.0
"Noguchi, Soichi",male,1965,Japan,2,MSP,2005,STS-114,333.55
"Noguchi, Soichi",male,1965,Japan,2,flight engineer,2009,22,3917.55
"Camarda, Charles J.",male,1952,U.S.,1,MSP,2005,STS-114,333.0
"Fei, Junlong",male,1966,China,1,commander,2005,Shenzhou 6,115.0
Nie Haisheng,male,1964,China,2,flight engineer,2005,Shenzhou 6,116.0
Nie Haisheng,male,1964,China,2,commander,2008,Shenzhou 10,350.0
"Pontes, Marcos Cesar",male,1963,Brazil,1,pilot,2006,Soyuz TMA-8,237.28
"Fossum, Michael E.",male,1957,U.S.,3,MSP,2006,STS-121,307.0
"Fossum, Michael E.",male,1957,U.S.,3,MSP,2008,STS-124,330.0
"Fossum, Michael E.",male,1957,U.S.,3,commander,2011,28,4014.0
"Nowak, Lisa M.",female,1963,U.S.,1,MSP,2006,STS-121,306.0
"Wilson, Stephanie D.",female,1966,U.S.,3,MSP,2006,STS-121,306.0
"Wilson, Stephanie D.",female,1966,U.S.,3,MSP,2007,STS-120,362.0
"Wilson, Stephanie D.",female,1966,U.S.,3,MSP,2010,STS-131,362.0
"Ferguson, Christopher J.",male,1961,U.S.,3,pilot,2006,STS-115,283.0
"Ferguson, Christopher J.",male,1961,U.S.,3,commander,2008,STS-126,380.5
"Ferguson, Christopher J.",male,1961,U.S.,3,commander,2011,STS-135,306.5
"Stefanyshyn-Piper, Heidemarie M.",female,1963,U.S.,2,MSP,2002,STS-115,288.0
"Stefanyshyn-Piper, Heidemarie M.",female,1963,U.S.,2,MSP,2008,STS-126,360.0
"Oefelein, William A.",male,1965,U.S.,1,pilot,2006,STS-116,308.0
"Patrick, Nicholas J. M.",male,1964,U.K./U.S.,2,MSP,2006,STS-116,308.0
"Patrick, Nicholas J. M.",male,1964,U.K./U.S.,2,MSP,2010,STS-130,330.0
Christer Fuglesang,male,1957,Sweden,2,MSP,2006,STS-116,308.73
Christer Fuglesang,male,1957,Sweden,2,MSP,2009,STS-128,332.9
"Higginbotham, Joan E.",female,1964,U.S.,1,MSP,2006,STS-116,308.0
"Williams, Sunita L.",female,1965,U.S.,1,MSP,2006,14,4674.0
"Williams, Sunita L.",female,1965,U.S.,2,flight engineer,2012,32,3048.0
"Kotov, Oleg",male,1965,U.S.S.R/Russia,3,commander,2007,15,4721.0
"Kotov, Oleg",male,1965,U.S.S.R/Russia,3,commander,2009,22,3917.0
"Kotov, Oleg",male,1965,U.S.S.R/Russia,3,commander,2013,37,3990.0
"Archambault, Lee J.",male,1960,U.S.,2,pilot,2007,STS-117,332.0
"Archambault, Lee J.",male,1960,U.S.,2,commander,2009,STS-119,307.5
"Swanson, Steven R.",male,1960,U.S.,3,MSP,2007,STS-117,332.22
"Swanson, Steven R.",male,1960,U.S.,3,MSP,2009,STS-119,307.5
"Swanson, Steven R.",male,1960,U.S.,3,flight engineer,2014,39,4007.13
"Olivas, John D.",male,1965,U.S.,2,MSP,2007,STS-117,332.0
"Olivas, John D.",male,1965,U.S.,2,MSP,2009,STS-128,333.0
"Anderson, Clayton C.",male,1959,U.S.,2,flight engineer,2007,15,3642.0
"Anderson, Clayton C.",male,1959,U.S.,2,MSP,2010,STS-131,363.0
"Caldwell, Tracy E.",female,1969,U.S.,2,MSP,2007,STS-118,306.0
"Caldwell, Tracy E.",female,1969,U.S.,2,flight engineer,2010,23,4220.0
"Drew, Alvin Benjamin",male,1962,U.S.,2,MSP,2007,STS-118,306.0
"Drew, Alvin Benjamin",male,1962,U.S.,2,MSP,2011,STS-133,307.0
"Morgan, Barbara R.",female,1951,U.S.,1,MSP,2007,STS-118,305.0
"Shukor, Sheikh Muszaphar",male,1972,Malysia,1,Other (space tourist),2007,Soyuz TMA-11/10,261.23
"Zamka, George D.",male,1962,U.S.,2,pilot,2007,STS-120,362.0
"Zamka, George D.",male,1962,U.S.,2,commander,2010,STS-130,306.1
"Wheelock, Douglas H.",male,1960,U.S.,2,MSP,2007,STS-120,360.0
"Wheelock, Douglas H.",male,1960,U.S.,2,flight engineer,2010,24,3912.0
"Nespoli, Paolo A.",male,1957,Italy,3,MSP,2007,STS-120,362.4
"Nespoli, Paolo A.",male,1957,Italy,3,flight engineer,2010,26,3823.28
"Nespoli, Paolo A.",male,1957,Italy,3,flight engineer,2017,52,3328.93
"Poindexter, Alan G.",male,1961,U.S.,2,pilot,2008,STS-122,306.0
"Poindexter, Alan G.",male,1961,U.S.,2,commander,2010,STS-131,363.0
"Melvin, Leland D.",male,1964,U.S.,2,MSP,2008,STS-122,306.0
"Melvin, Leland D.",male,1964,U.S.,2,MSP,2009,STS-129,259.0
"Love, Stanley G.",male,1965,U.S.,1,MSP,2008,STS-122,306.0
"Johnson, Gregory H.",male,1962,U.S.,2,pilot,2008,STS-123,378.0
"Johnson, Gregory H.",male,1962,U.S.,2,pilot,2011,STS-134,377.0
"Behnken, Robert L.",male,1970,U.S.,2,MSP,2008,STS-123,378.0
"Behnken, Robert L.",male,1970,U.S.,2,MSP,2010,STS-130,330.0
"Foreman, Michael J.",male,1957,U.S.,2,MSP,2008,STS-123,378.0
"Foreman, Michael J.",male,1957,U.S.,2,MSP,2009,STS-129,259.0
"Reisman, Garrett E.",male,1968,U.S.,2,flight engineer,2008,16,2289.0
"Reisman, Garrett E.",male,1968,U.S.,2,MSP,2010,STS-132,282.0
"Volkov, Sergei",male,1973,U.S.S.R/Russia,3,commander,2008,17,4768.0
"Volkov, Sergei",male,1973,U.S.S.R/Russia,3,commander,2011,28,4014.0
"Volkov, Sergei",male,1973,U.S.S.R/Russia,3,commander,2015,45,4003.0
"Kononenko, Oleg D.",male,1964,U.S.S.R/Russia,4,flight engineer,2008,17,3168.0
"Kononenko, Oleg D.",male,1964,U.S.S.R/Russia,4,commander,2011,30,4626.0
"Kononenko, Oleg D.",male,1964,U.S.S.R/Russia,4,commander,2015,44,3400.0
"Kononenko, Oleg D.",male,1964,U.S.S.R/Russia,4,commander,2018,57,4887.0
"Yi, Soyeon (Lee So-hyun)",female,1978,Korea,1,Other (Space tourist),2008,Soyuz TMA-12 / Soyuz TMA-11,261.0
"Ham, Kenneth T.",male,1964,U.S.,2,pilot,2008,STS-124,330.0
"Ham, Kenneth T.",male,1964,U.S.,2,commander,2010,STS-132,282.0
"Nyberg, Karen L.",female,1969,U.S.,2,MSP,2008,STS-124,330.0
"Nyberg, Karen L.",female,1969,U.S.,2,flight engineer,2013,36,3990.0
"Garan, Ronald J., Jr.",male,1961,U.S.,2,MSP,2008,STS-124,330.0
"Garan, Ronald J., Jr.",male,1961,U.S.,2,MSP,2008,27,3942.0
"Hoshide, Akihiko",male,1968,Japan,2,MSP,2008,STS-124,306.25
"Hoshide, Akihiko",male,1968,Japan,2,flight engineer,2012,32,3047.25
"Chamitoff, Gregory",male,1962,U.S.,2,flight engineer,2008,17,4392.5
"Chamitoff, Gregory",male,1962,U.S.,2,MSP,2011,STS-134,377.5
"Zhai, Zhigang",male,1966,China,1,commander,2008,Shenzhou 7,68.0
"Liu, Boming",male,1966,China,1,flight engineer,2008,Shenzhou 7,68.0
"Jing, Haipeng",male,1966,China,3,flight engineer,2008,Shenzhou 7,68.0
"Jing, Haipeng",male,1966,China,3,commander,2012,Shenzhou 9,303.5
"Jing, Haipeng",male,1966,China,3,commander,2016,Shenzhou 11,774.5
"Boe, Eric A.",male,1964,U.S.,2,pilot,2008,STS-126,380.0
"Boe, Eric A.",male,1964,U.S.,2,pilot,2011,STS-133,307.0
"Bowen, Stephen G.",male,1964,U.S.,3,MSP,2008,STS-126,380.0
"Bowen, Stephen G.",male,1964,U.S.,3,MSP,2010,STS-132,283.0
"Bowen, Stephen G.",male,1964,U.S.,3,MSP,2011,STS-133,307.0
"Kimbrough, Robert S.",male,1967,U.S.,2,MSP,2008,STS-126,380.0
"Kimbrough, Robert S.",male,1967,U.S.,2,flight engineer,2016,49,10383.25
"Antonelli, Dominic A.",male,1967,U.S.,2,pilot,2009,STS-119,287.5
"Antonelli, Dominic A.",male,1967,U.S.,2,pilot,2010,STS-132,281.5
"Acaba, Joseph M.",male,1967,U.S.,3,MSP,2009,STS-119,307.0
"Acaba, Joseph M.",male,1967,U.S.,3,flight engineer,2012,31,2928.0
"Acaba, Joseph M.",male,1967,U.S.,3,flight engineer,2017,53,4037.23
"Arnold, Richard R., II",male,1963,U.S.,2,MSP,2009,STS-119,307.0
"Arnold, Richard R., II",male,1963,U.S.,2,flight engineer,2018,55,4722.0
"Barratt, Michael R.",male,1959,U.S.,2,flight engineer,2009,19,4778.0
"Barratt, Michael R.",male,1959,U.S.,2,MSP,2011,STS-133,307.0
"Johnson, Gregory C.",male,1954,U.S.,1,pilot,2009,STS-125,309.63
"Good, Michael T.",male,1962,U.S.,2,MSP,2009,STS-125,309.0
"Good, Michael T.",male,1962,U.S.,2,MSP,2010,STS-132,282.15
"McArthur, K. Megan",female,1971,U.S.,1,MSP,2009,STS-125,309.0
"Feustel, Andrew J.",male,1965,U.S.,3,MSP,2009,STS-125,309.0
"Feustel, Andrew J.",male,1965,U.S.,3,MSP,2011,STS-134,378.0
"Feustel, Andrew J.",male,1965,U.S.,3,flight engineer,2018,55,4722.0
"Romanenko, Roman",male,1971,U.S.S.R/Russia,2,flight engineer,2009,20,4508.0
"Romanenko, Roman",male,1971,U.S.S.R/Russia,2,flight engineer,2012,34,3494.0
"Hurley, Douglas G.",male,1966,U.S.,2,pilot,2009,STS-127,377.0
"Hurley, Douglas G.",male,1966,U.S.,2,pilot,2011,STS-135,306.0
"Cassidy, Christopher J.",male,1970,U.S.,2,MSP,2009,STS-127,377.0
"Cassidy, Christopher J.",male,1970,U.S.,2,flight engineer,2013,35,3990.0
"Marshburn, Thomas H.",male,1960,U.S.,2,MSP,2009,STS-127,376.0
"Marshburn, Thomas H.",male,1960,U.S.,2,flight engineer,2013,34,3494.0
"Kopra, Timothy L.",male,1963,U.S.,2,MSP,2009,20,1317.0
"Kopra, Timothy L.",male,1963,U.S.,2,flight engineer,2015,46,1920.0
"Ford, Kevin A.",male,1960,U.S.,2,pilot,2009,STS-128,333.0
"Ford, Kevin A.",male,1960,U.S.,2,commander,2012,33,3448.0
"Hernandez, Jose M.",male,1962,U.S.,1,MSP,2009,STS-128,332.0
"Stott, Nicole P.",female,1962,U.S.,2,flight engineer,2009,20,1440.0
"Stott, Nicole P.",female,1962,U.S.,2,MSP,2011,STS-133,307.0
"Surayev, Maksim",male,1972,U.S.S.R/Russia,2,commander,2014,40,3968.0
"Surayev, Maksim",male,1972,U.S.S.R/Russia,2,commander,2009,21,4060.0
Guy Laliberte,male,1959,Canada,1,Other (Space tourist),2009,Soyuz TMA-16/14,261.28
"Wilmore, Barry E.",male,1962,U.S.,2,pilot,2009,STS-129,259.0
"Wilmore, Barry E.",male,1962,U.S.,2,flight engineer,2014,41,4013.0
"Bresnik, Randolph J.",male,1967,U.S.,2,MSP,2009,STS-129,259.0
"Bresnik, Randolph J.",male,1967,U.S.,2,flight engineer,2017,52,3328.93
"Satcher, Robert L.",male,1965,U.S.,1,MSP,2009,STS-129,259.0
"Creamer, Timothy J.",male,1959,U.S.,1,flight engineer,2009,22,3912.0
"Virts, Terry W., Jr.",male,1967,U.S.,2,pilot,2010,STS-130,330.1
"Virts, Terry W., Jr.",male,1967,U.S.,2,flight engineer,2014,42,4783.5
"Skvortsov, Aleksandr Jr.",male,1966,U.S.S.R/Russia,3,commander,2010,23,4225.0
"Skvortsov, Aleksandr Jr.",male,1966,U.S.S.R/Russia,3,commander,2014,39,4061.0
"Skvortsov, Aleksandr Jr.",male,1966,U.S.S.R/Russia,3,commander,2019,60,4302.98
"Korniyenko, Mikhail",male,1960,U.S.S.R/Russia,2,flight engineer,2010,23,4225.0
"Korniyenko, Mikhail",male,1960,U.S.S.R/Russia,2,flight engineer,2015,43,7798.0
"Dutton, James P.",male,1968,U.S.,1,pilot,2010,STS-131,362.0
"Metcalf-Lindenburger, Dorothy M.",female,1975,U.S.,1,MSP,2010,STS-131,362.0
"Yamazaki, Naoko",female,1970,Japan,1,MSP,2010,STS-131,362.8
"Walker, Shannon",female,1965,U.S.,1,flight engineer,2010,24,3919.18
"Skripochka, Oleg",male,1969,U.S.S.R/Russia,3,flight engineer,2010,25,3824.0
"Skripochka, Oleg",male,1969,U.S.S.R/Russia,3,flight engineer,2016,47,4131.77
"Skripochka, Oleg",male,1969,U.S.S.R/Russia,3,commander,2019,61,2697.53
"Kondratyev, Dmitri",male,1969,U.S.S.R/Russia,1,commander,2010,26,3823.0
"Samokutyayev, Aleksandr",male,1970,U.S.S.R/Russia,2,commander,2011,27,3941.0
"Samokutyayev, Aleksandr",male,1970,U.S.S.R/Russia,2,commander,2014,41,4013.0
"Borisenko, Andrei",male,1964,U.S.S.R/Russia,2,flight engineer,2011,27,3941.0
"Borisenko, Andrei",male,1964,U.S.S.R/Russia,2,flight engineer,2016,49,10383.25
"Furukawa, Satoshi",male,1964,Japan,1,flight engineer,2011,28,4014.0
"Shkaplerov, Anton",male,1972,U.S.S.R/Russia,3,commander,2011,29,3967.0
"Shkaplerov, Anton",male,1972,U.S.S.R/Russia,3,commander,2014,42,4792.0
"Shkaplerov, Anton",male,1972,U.S.S.R/Russia,3,commander,2017,54,4037.0
"Ivanishin, Anatoli",male,1969,U.S.S.R/Russia,2,commander,2011,29,3967.0
"Ivanishin, Anatoli",male,1969,U.S.S.R/Russia,2,flight engineer,2016,48,2762.0
"Revin, Sergei",male,1966,U.S.S.R/Russia,1,flight engineer,2012,31,2999.0
"Liu, Wang",male,1969,China,1,flight engineer,2012,Shenzhou 9,303.5
"Liu, Yang",female,1978,China,1,flight engineer,2012,Shenzhou 9,303.5
"Novitski, Oleg",male,1971,U.S.S.R/Russia,2,commander,2012,33,3448.0
"Novitski, Oleg",male,1971,U.S.S.R/Russia,2,commander,2016,50,4721.83
"Tarelkin, Yevgeni",male,1974,U.S.S.R/Russia,1,flight engineer,2012,33,3448.0
"Misurkin, Aleksandr",male,1977,U.S.S.R/Russia,2,flight engineer,2013,35,3990.25
"Misurkin, Aleksandr",male,1977,U.S.S.R/Russia,2,commander,2017,53,4037.25
"Parmitano, Luca",male,1976,Italy,2,flight engineer,2013,36,3990.28
"Zhang, Xiaoguang",male,1968,China,1,flight engineer,2013,Shenzhou 10,350.0
"Wang, Yapi",male,1980,China,1,flight engineer,2013,Shenzhou 10,350.0
"Ryazanski, Sergei",male,1974,U.S.S.R/Russia,2,flight engineer,2013,37,3990.0
"Ryazanski, Sergei",male,1974,U.S.S.R/Russia,2,commander,2017,52,3328.93
"Hopkins, Michael Scott",male,1968,U.S.,1,flight engineer,2013,37,3990.42
"Artemyev, Oleg",male,1970,U.S.S.R/Russia,2,flight engineer,2014,39,4062.0
"Artemyev, Oleg",male,1970,U.S.S.R/Russia,2,commander,2018,55,4722.0
"Wiseman, Gregory Reid",male,1975,U.S.,1,MSP,2014,40,3968.1
"Gerst, Alexander",male,1976,Germany,2,flight engineer,2014,40,3968.02
"Gerst, Alexander",male,1976,Germany,2,flight engineer,2018,56,4721.82
"Serova, Yelena",female,1976,U.S.S.R/Russia,1,flight engineer,2014,41,4013.0
"Cristofretti, Samantha",female,1977,Italy,1,flight engineer,2014,42,4783.5
"Yui, Kimiya",male,1970,Japan,1,flight engineer,2015,44,3400.0
"Lindgren, Kjell Norwood",male,1973,U.S.,1,flight engineer,2015,44,3400.15
"Mogensen, Andreas",male,1976,Denmark,1,flight engineer,2015,Soyuz TMA-18M/16M,236.23
Aidyn (Aydyn) Akanovich Aimbetov,male,1972,Kazakhstan,1,flight engineer,2015,Soyuz TMA-18M/16M,236.23
"Peake, Timothy Nigel",male,1972,U.K.,1,pilot,2015,46,4462.0
"Ovchinin, Aleksey",male,1971,U.S.S.R/Russia,3,commander,2016,47,4132.0
"Ovchinin, Aleksey",male,1971,U.S.S.R/Russia,3,commander,2019,57,0.0
"Ovchinin, Aleksey",male,1971,U.S.S.R/Russia,3,commander,2019,59,4863.75
"Onishi, Takuya",male,1975,Japan,1,flight engineer,2016,48,6902.35
"Rubins, Kathleen",female,1978,U.S.,1,flight engineer,2016,48,6902.35
"Chen, Dong",male,1978,China,1,flight engineer,2016,Shenzhou 11,774.5
"Ryzhikov, Sergey",male,1974,U.S.S.R/Russia,1,commander,2016,49,10383.25
"Pesquet, Thomas",male,1978,France,1,flight engineer,2016,50,4721.83
"Fischer, Jack",male,1974,U.S.,1,flight engineer,2017,51,3258.13
"Vande Hei, Mark",male,1966,U.S.,1,flight engineer,2017,53,4037.23
"Tingle, Scott",male,1965,U.S.,1,flight engineer,2017,54,4037.0
"Kanai, Norishige",male,1976,Japan,1,flight engineer,2017,54,4037.0
"Prokopyev, Sergei",male,1975,U.S.S.R/Russia,1,commander,2018,56,4722.0
"Aun-Chancellor, Serena",female,1976,U.S.,1,flight engineer,2018,56,4722.0
"Hague, Tyler",male,1975,U.S.,2,flight engineer,2018,57,0.0
"Hague, Tyler",male,1975,U.S.,2,flight engineer,2019,59,4864.0
"Saint-Jaques, David",male,1970,Canada,1,flight engineer,2018,57,4887.0
"McClain, Anne Charlotte",female,1979,U.S.,1,flight engineer,2018,57,4887.0
"Koch, Christina",female,1979,U.S.,1,flight engineer,2019,59,7372.3
"Morgan, Andrew",male,1976,U.S.,1,flight engineer,2019,60,4303.08
"Meir, Jessica",female,1977,U.S.,1,flight engineer,2019,60,2697.6
"Al Mansoori, Hazzaa",male,1983,UAE,1,spaceflight participant,2019,EP-19,189.0
